msno,city,bd,gender,registered_via,registration_init_time
hocHgqb+CQT8UDOvTUPleDqpDU01BH2S69+LJ45KdLE=,1,0,,7,20170127
0tngLyjwIMpHjYRn8YAL1IUFdRwpKA2awgCA/wOzLSw=,13,36,male,3,20150228
JB2KTiVBIRLmQkUj9YmxmEnf1nOHV2N0xJO4wrchV9E=,1,0,,7,20161021
w7TjSD05fhrhsZo7IjVkx3atrBP8ccf7x1DOJjcDVx4=,1,0,,7,20170115
rfzYx+2VvVOpajZZj3g+S/iOOCJHvBVA/5eGOAaxqeM=,4,26,female,4,20170116
4hqgRij4NIem4bVP/nAXcR7KyVoEJwPVz6yXzVR3KbY=,4,0,,4,20160114
zmJf2Woo5w2MCXrXa3pNGZ2eaEnHseIKZmpl0Y2ZUw4=,1,0,,7,20161105
xNxB9UhVhDyiOu4ZEJcp8VQphmdlCvJldh5pLTKyMtA=,1,0,,7,20170131
ssA8waqJrePisSYiGIyuWLkmTEXxE0khCUuRAz6x7pI=,1,0,,7,20170206
L9GU+8i5DG0eJn6a16A8BJAVSwRkV7Xolge0+duQ2qg=,1,23,male,4,20161127
YIiJx/cmTZgv7kVHIYX300SgH2fvtN35F4thHstWYuA=,1,0,,7,20150925
DuJHZBl9Jp353zVtXJ89zeNfgWII5ZOjriiffMKH+ME=,1,0,,4,20170119
HfKV2247PthegeNS2XAwZQe+PPV2b4sfot3y99sC2vc=,5,21,female,3,20150605
uAx7g1Os4rQfMe4pYXs5hEZNoWyudxhjyJ87rtjPACk=,6,22,male,4,20160826
VFdlRIJ1lfuA9kEv3NUiXNWxl+tobeiP9LrncsLhwzE=,1,27,male,3,20161126
8F8+pgp6rjAWDdJqtebb8hsTTyy4rpTJOb1F2ANti+w=,1,0,,7,20150912
NgPRxXX67oocafi/H5cZ7q9VH6xNxzfyuMEiQ2hGlqw=,1,0,,7,20160226
mNV/7KNk77RRBzb8duS09EqfMe4TMDOSHzho3nDcKoE=,1,29,male,3,20150603
E7hIKotKnSYmGKOfhhX0Po+6Vh2tGe3uplCJS5SuOJ8=,1,0,,7,20150913
SIO+sqZ9hCiycoS2rw12R9D6B/SYEYKIQud/A5z8Xrk=,1,0,,7,20161123
h1f01qsgq9R+YGvkBtmgR0teF+Gbjhq8t6Nd1JgyaSY=,1,0,,7,20160720
09EMdgP72uzTfg6Mi2mTqV33Rz9qM8/eDKH1pykBb+I=,1,0,,7,20170223
tw3jRBzFBVorYMsExOP8gNlefDc1DQE3xUvBPkS1IxE=,1,0,,4,20160712
3lCojvmzf2WM400uGOu9ACBpXUtWJBAO/TIq5UcSjZw=,1,0,,7,20151022
G3tdnlCfoxSYeGMTC/HDyPb0NAqq6JwJz3U4hmhwXU4=,1,0,,9,20150626
8urVSxfCklbvtNg4iDYdFRgSeOAEBhMxDrXEKstcgoQ=,13,75,male,3,20150217
fQ5OtAIb220QJK/zvJ/CmgsJwjBlu+6p1D7WXr6N6EY=,1,0,,7,20160727
ZNSm5fKvbNfKARUtzRBmoHPXvG5dbQIPQGRzpTSfKDg=,4,18,male,4,20160121
/M8v67pVgc4sY2C9PndXjjLGVnkteek0kXpcpbLJ7wo=,1,0,,7,20160127
N5LTVe0HHwSBE0mddm+8xDX67xSWSnsf1hPsNWSfHA0=,5,31,female,9,20150318
lcnhY+FQgjkMgmMoDci+QZU+DO7CkcEJiQUhFbtBqyM=,1,0,,9,20160724
hKC73jqJHeOTcn+hfLq9Tw9cqmxFwtLyU29Bp9pPC9w=,1,0,,7,20160709
Sy/RpV0Ymy4r08TkKi060aMOFkTc0A2hosf/dItP2JA=,1,0,,7,20160723
13mTr0eQkh7T5tiOkdRhaacL+j+yeG7UPYe1ZqAnIWs=,1,0,,7,20170107
wWZXbFhLWeJBDPkLehU4Cne5m+7050xmwD7UmNEcn0M=,1,0,,7,20170113
MBPsETPNbwSwsgpXyF3aYGnENrEXzc0dxCvO1Zi8yiQ=,1,23,female,3,20150704
GttfyigXWSqtIZao6CtJrqgriZSU5+2z/TJoD6A/xok=,1,0,,7,20160908
k0Zjb0GNcDn1KPQO365Rn98dZpo85rFB+SMptP1/wgQ=,1,0,,7,20151204
o8VQdKjcP8Hgxd7eGC6h+akmWRZ4m2xq8oJRlY6VS7g=,1,0,,4,20160712
X1KpaXaidiTb6mx2RVoGIEH0fbjrgPlrtie6+BbF23g=,1,0,,4,20160429
VO5MNuPfiIPJRptvL27qKToitLVccnE14jncHFS0+Y4=,15,50,female,4,20151106
12gPcaTyNLKtK+tRglJ/AgQHEgXAGVs76OJXQ1/vhkw=,14,25,female,9,20150419
lXXmpcFII+hFvjQYJWwgZxUZO6KqeUdNh8Kxpv9AqOg=,1,0,,7,20151127
718TKTMO8mmjgVUK4xuLn5/8jhtQ0wpxgJhkmTQEveo=,1,0,,7,20160207
60jtevvlQVTsNnVHqaw/UTwQ/gh1Az6LnCLSdDeNEPQ=,1,0,,7,20160205
AUD2ZKQ3uqPVM/xSFA1Ld6MSvURTp5ya+NfW5uPGi1U=,14,25,male,7,20160209
lozlols+aAsoqBZgIcZgbshy525MFXRQgHp5nWyz9eU=,5,26,male,4,20170227
LLIGFKU/UYBalit7/UY8oGnmAgGgB/3NHdVztoYCd7U=,22,28,male,3,20150419
iXAQRHHmRp9UgfBdXgjaHXjnq1HnTLa7+Oo3wivQmSA=,1,0,,9,20150102
6qWI8XEF+h0E4U4KMmSpVZcTmVQqi4WrRS/Y4QDv7F4=,22,28,male,3,20150104
MLCDc/bhcDC6bPrtjJQ3wqvsnWF20gxUqc2p8vs2Fb8=,1,0,,4,20160929
TGgB/2MlNlCOLMG2SerEj6g0Y+RaeglLV+pbkugZTxo=,1,0,,4,20160709
aDc1MDzbbB6JZPiwPUSM//bex/qHy8PcnZwzc6Ntn0I=,4,18,male,3,20160313
xYcgyug8rQ4uSkSnR9dhXYoa6U/UMXEHpbopNmOqmgg=,15,59,female,9,20160105
sd28H9MVr4ErRhHdLMxeETWjpmZS+l5q59Ggk0Y8Xd8=,1,0,,9,20150606
FI50FIuEgwcAwd/jvjzsP1970S4Llc+TL0ZlQaRpKEI=,14,34,female,3,20150608
9r8J37d4AbxRI1Gfx9MJB3kZ19xS6qOZArbyZTCmfz8=,12,29,male,4,20160108
1Kki9A4sANrK41k9iyQwv0yyqfTPcvu0roqFhqgxs4Y=,1,0,,7,20161108
gANAznDZrRelSsuDH+wE1FEwbBEIsixk6FNPLw/zvAk=,1,0,,4,20160909
DLEAOwi5efgg6y28s2lcKP4Txh2onHDO1VirYDL++hA=,11,33,male,4,20160813
UOZZrY2v+3YyqOqGeQQc46Ea9gTeDjYDS0ng95rgyTg=,5,25,,4,20160208
vhTYOCsnwUYyTAGdIF1+2kkrUQtaqXp+FYHt2W3Z9fs=,1,0,,7,20160321
skVurCX7P/kHMTxz0eMdSXeaJEHtrspdL1U5oYKoA4k=,13,23,male,9,20160711
WbcwVEWG5F4G993aBbS0NsSxVIh+zv4zSX7LnqeYIAE=,1,0,,7,20160221
mQPkVfgOdV2wB2Hdu0EZuFvQrrVhNfVrdOrFFoeilfw=,1,0,,9,20160912
2vDhCg3OWaKrxsnAsO5dLlcvuCsY+ykF/Qkg6C21iOE=,1,0,,7,20151104
JU4FvTds3N77CjDv95/ftLYuegTITl7uKryYk68oNOU=,4,0,,9,20150702
pJZa6SZSMfdnoWMopMyy73ilcAlfFf4mTEjA1k4L304=,1,23,male,3,20150129
slvJKU05f5tB1e5Q6e/+7rFZ0EkRl0eFzWMyfA4Cung=,4,27,female,9,20150211
8hmyEt2M55oDNSy00LIQUxturyB30MeSQkSYwW29434=,22,16,female,4,20151213
G8poHXhno8/0c+2huoGcdd69BFvBko3UcE2uYrRZ5TM=,1,0,,7,20170120
cMaUmS9qRRrO7ofwKgy2NvfL5TF8TxOavIRpyXHsp9c=,14,21,female,3,20161124
JzRJJwNqv2ZGH4yZOpoByJRk1tEzdZ0ulryCydXgd9c=,13,35,male,3,20150810
AYK/YE5DZu+kZMgoL3X00496LL8M2y9UifEL+sGL3TE=,1,0,,7,20150819
ke4dl2FUg8K3ze3OuvSofCRi5buj6zXkUxdlIQpORbQ=,1,0,,9,20151119
4Zm4i59QP/DVK45o9j5Tf8IFKPrJSYaQ3sYAF2+Cr3c=,1,0,,4,20160709
0G1dQAaf0aM90Bf+VLuetmZtGDDBksNP4Mw+vg7eDsQ=,1,0,,4,20160708
lW1/Ws2x3a4ABMaOePz/hBHpT9lrXFa7Aztomdcz1vM=,22,24,male,4,20151221
hsXQ7wV0LeE52BvIiauRR0ElFj2oQha/XA5tt6Mdh6c=,1,0,,7,20160201
t8xJL0sCYYxBgW2WX58FG6+09QMzujDqCg0Q31AtgHU=,1,0,,9,20160821
SwFjDVziBBlYQkTXe4hpnBDWIwbezSk3DK9sE1GNCVc=,1,0,,7,20150723
ad5rUEx++WI8e1UQRdzaMa28onmIxme4W/109/6hjuc=,1,0,,4,20151012
tNqgE/Zffxe5wDSlc6M914EGvxkN+3vPFDV5XvuEzL0=,1,0,,7,20170118
O7qthFyPzZlu3ZK+Ia0cN8xPa+PETcvkavT2XrjMwQI=,13,0,,9,20150913
D3MND1QtQqbt2Qe1XNrFmPzWjOfQjl3OIiWJD4CEv3M=,1,0,,9,20150904
RkZLDS/PDTiXefKF6nrSe/wTCXv99dx9cYyhXY6r3Jk=,5,26,female,3,20150525
bHJz253ltchtbryWkLJ7cTdxbCGAYQgbqDKbkAgZRlU=,11,17,male,3,20151025
8DbbNbK5ZMOqB76FyaaTrEYS6npcuvBC/rHFhjuzTes=,1,0,,7,20160711
2EzCig5SQPc9Ih673a9v/MshVOPPNNnDosUUzZ8zJ5k=,22,32,female,3,20160712
77M2uylChtELj48S1BVOET2XmlAVJA5sqI4V7ZdeQNE=,13,21,male,3,20170117
QZGJXa64lPNVcF+VOlHcbsRbqxSZkiIRwhG9vA6LhXs=,1,0,,9,20170114
nuU855c4vXREOm0WMUg8MdLtNqdNmskZVhjR54d6QIg=,1,42,female,4,20160902
DNUYJNrUiyaJydkyaGcdgFwekwbk/Rrm3KIhCAKmpI8=,5,21,male,3,20150608
+NERrdA6Ngr5iX729GvaBIfwUHkNdfVgpnmKtkzrLW0=,1,0,,4,20160709
rTUJGNgLRgeTkh2/KoVoKXuIw1s7Qazr9wMrxaGW0tU=,1,0,,7,20160708
ws9eBKiWXhKjwil3voL5E8vtfVBZOiDo49HCsxQkuDs=,1,0,,4,20151210
kkiEwXTMugNeJAppKzdJp05FTFZKaMK0EeHA+aK4JsU=,1,0,,7,20151028
FEn6TX2F312Skt5kPD/p0OR7oaqkU7pff5I0D+vRHb8=,1,0,,4,20160415
dOKdtoo9Jj5v4aOwPI8XzgV3lGG4O554+ohLxi41zqw=,13,32,,9,20160415
DkGTIV6b2slyB2xyHRRnXrxYVKJcHtENEh9qJkPVGGk=,13,0,,9,20150802
m7o+w33JvMbHMc+V/J1jQpqyxa7Oq9bxV54xtRFdBco=,1,0,,4,20151204
vsXxB0cXGD5mqDoX/cDHp2EYUrJQzzyQ0ehsgkQvT8o=,1,0,,7,20160127
x1OjMpvMEgOddBNefpz0SOMhZBgkc+vgX5YIhZUWVEM=,1,0,,7,20150825
VcXEfW9bgHd+YQ53SY/CQja9g4qfpg5DomoB6FFS8EI=,1,0,,4,20160727
dL8Wf1ICCmKjYnNNC1a5cwV5y5VLmf/s6iqZLnrtt+g=,1,0,,7,20160331
flF3ZY04xZqQRDz6nwIifu5AAyXQoWqEM/QfM+jwOaU=,1,0,,4,20160620
9iBS1IHyn70RLZUyqyp6g+krjXdrCi/ECysxYZJNR5I=,1,21,female,3,20150621
A+3o4PQVt4f6S3IgiSc4DqLCWYbRqWKQ9C2dHjCl2hM=,1,0,,4,20160609
MAVPYQ6Whif5PX7kfT5YkBsdYDwf4Meuyxu09jZwZuY=,4,25,female,3,20150626
UyeJ7id0AOdlI5jd126RKm7ZZyrnPAw9MGjPIDJl6xg=,14,21,female,9,20151227
xhkkjRHkV6nMk970BoK36Y2fr/dVtSou83Ej6uB1U8w=,1,0,,7,20150902
Vkd/GrTp3awRtqgYvL1pBqPOX8Pl9wLpY3p6u3mhUO4=,1,0,,7,20150905
oNWZ1ro8t/GcJmgNTpRhR51QIliG0iFIVO5o0xCz59o=,11,26,male,3,20150918
mk+ml8TQGMMomeN3SnlSEzQWJhmtzPGWZaW99X6zhiM=,13,19,female,4,20160529
ekwwCaOTBMQlbggJ3EudO8IjXDmAa32oEZzCmfDN3B8=,5,29,female,3,20150808
ibbXH7eo60WosB6LJ22m+hvY8o1LKdnb2PoPcbfLthU=,1,0,,4,20160207
vnMOzDNQl1r0shbOHvBs1vuBUu9ZtEzc1kvMyhU5Gjc=,1,0,,7,20160529
+D5PQBJ/QjQhVkBK5dij5GmxVBPKUXmVuOYBuQvcjtQ=,1,0,,9,20150614
SBPehCxud7QsxajgB1yhpRTVR8ScneluoEvi/n6l48w=,12,24,male,3,20151021
+xQVQ4qFkuEXYrnthqHtgN5/le80HqfBxj/KKkylX0w=,1,0,,7,20161110
2+rNwYjZ8x7Y+LWE9o41j2ernPYq06yVSGBRsejilEY=,1,25,female,3,20150825
vhANZ+QaUmC6GnVX44bWl7sASMxn3k1ZLb0tj2P9FYY=,1,0,,7,20151129
RQGCqxAixgVTA7ybYGgFL1HKyiKHFQuC7LP65DNlXxQ=,1,0,,4,20160413
D4tU2IxyfRBRcChyvLDgUuz+uXs5P7pd60HSZ60KKTY=,1,0,,7,20160830
0f5wi0QEI5LGDZluvs/zjWi00+VUdrc8HIyEFKENwvc=,1,0,,4,20151130
SO983KScMhSRtILR6MQXxOwwIYOnfsCs3fIKL2XeQJE=,1,0,,7,20160606
mQcNYAh/OpoXN6utvsrCPllLY2EVW+ZrHLPPQ4Q7jGg=,1,0,,4,20160610
W2n49RE6B0YcYOCdxj0L9PMJFguQOz+ZJf59EHyGZmY=,1,0,,4,20160417
5TGEijT9wH+CBXI9CEIWt0Jjh1ZgJzHm2GJz8RX9rEQ=,1,0,,4,20160322
2kA+H1D5D+0rgP5N2Fc6PMDAQTOE34zs4IIYk5QNSGo=,1,0,,7,20151228
0DMr8NlXGRPCrAk1kNGBHOT4X6rTC3FH8I/IruquX6A=,1,0,,7,20160711
ZSD3PQRAFUg3eHyRUhSNDwLfBkyZ0Equ3m8DjiJJ0Zw=,1,0,,7,20151017
A/f9oCytUS0aa47Lj7jjzSpkxymGEI/QJcmxLAGrekI=,5,27,female,4,20151121
Akk07JDjrzxKmVRPB+8VeLSi95XLO5ab9DelnKOR0H8=,15,62,male,4,20160912
UrCUzC4UZuYj/lVrpdZh0sfepo6oBpTmusOJD5Fg5IM=,1,0,,7,20160229
AHiOG71VnPUjeOxSAuK/PNRTj6wwuD8ND1v++/zHE9E=,13,31,male,9,20150507
ySshtwuhEDTbylmYEES2lQcWI5ziq+TkcshS8uEcRAQ=,1,0,,4,20151212
ReL7Xqzv1OIcI3rTyzeNHdMRq+K7vfvsUd2hslaL1/8=,1,0,,4,20151011
8mxiL6EBkjsQeYPtiUIIjGcEFFZ5FhAQJ+y7Q22xlVk=,1,0,,9,20151218
H8OkcxzuK5ztIiyAQEyADTsAo6J+5nqenQY3GRHuqAk=,1,0,,9,20151214
ZA4IUa8xFcrBCpP+CbvERMdwFrgE6LgpwcZRPmPYrVo=,1,0,,7,20151204
A/Ww78vrlxufeHfeWAW95O8Bq9aefmteB6wNZw0OYVQ=,1,0,,7,20170216
piYD68ytilsjKdGMJ/copWT3EKtF/VWllxxDuxA6J9A=,1,0,,7,20160710
osNQZdinZYyFq177ZavIQbwaGgA24Hdayuer5qRPgRc=,1,0,,7,20151109
Erjq52NmeEWtbOfz2vieSi/305g1ofWyWz+gFCzrdY8=,1,0,,7,20151205
yNFxCNJWoJQ+pzZPUpyfttD86bWfnV1Y9qTCLWxhyZI=,15,42,male,3,20151117
TVP84CLkqFcAx0GAUa/Wqx5zyKD+JF/nV91LtzbnLx4=,11,0,,4,20160309
JAJ4FnuQHinjLbPq7aV6d8dFIaZTMaSazEnkdRjh+4s=,1,0,,7,20150810
uq+GksXqhURHH/kyKZ4jsWiSS+teIh5fQn4k38nfa/o=,1,0,,7,20151023
HYspJmYhfLo91xZhDCbE5FDTv4eHrwCX3r5aXV64x3k=,13,26,male,4,20151209
2xPj0VQS91EjgQTjL3zVKJq9+xlSSlliWp0UDbddJLc=,6,28,female,9,20151209
utPam12/NIDQ/2pPr6zbDCmVcoH+qYw1GXP1WLvm0Vs=,1,0,,7,20160612
TWhJLe5B6xibczyWSUdWtum5c715/1DT4ruqPKGYhRs=,1,0,,4,20151110
6tFrkD0NLZoHkjcSAyqs5RXPDzlfWIO7L0dL2WSWfKE=,4,23,male,4,20160630
zVia2palb4STE+4xMIXFCkNGmBZrZUL+6meKNAyXXDM=,5,24,male,4,20151222
+urWUbiR8T3aFx2vy3GIyRMeFpWy016tT94mg40oCck=,5,20,female,3,20151117
rowPp2JjHghOwKN+XRiwOtNvN/WzXmWw+SrvMJ0yXGg=,1,0,,4,20151202
p+s7QG1NrO00x0pzuF27Xcm5uWQ1hY6V/tM4bwQlzFU=,1,0,,4,20160826
TYj4DaEHhhRkOoDqnj2A25jdC3PV+OWmuhUfxYEAGCA=,1,0,,4,20160909
lo2eiH2MPr5L57aFecyE2Qf27i2MtcRZhN49oK/q5bk=,1,0,,7,20170212
jUjpk+ZB3VnEiqnaOMmcL6fCixz89kSbWeX7cedf6JQ=,1,0,,4,20160227
C1WjdJZY23J9sJkO6N2atVmlPVUit/0uo/9846cHbj8=,1,0,,7,20151030
TP44ZIuFRMmCpVSC30I+Rcjc79D8cJryev7ony4h48o=,1,0,,7,20151031
7RvDcRF2WkBBlvxN1XlC7oD4iCOMUiO0JmbWaD3szVA=,1,0,,4,20151230
c6i+jrZxSpsinaCJS+myOJKGZkfVt1r2T+axDKXt2gw=,1,0,,9,20150802
N1q06HZe9iU3CcRj1IZTUfjg/KAP/x56Rjj8oVNrpvw=,1,0,,7,20160106
KEaaljFNkpa9tPk0mDx6yTcyWD99JByX7WHo7A4FmfI=,1,0,,9,20150518
GnROqYKAiTNZKeL9N5Rbkhxv3aHEJC5fDiVWfZcKbYg=,21,0,,9,20160120
fqa2cCf70aD42l/PT8YfsoBVwEANFNhiOOtWEf9KELU=,1,0,,4,20160806
QljI5J3aAnIfPKa20imY37vsqhqpWOhxiTIbMVgm/Mk=,1,0,,7,20170108
oigtgXKqc86K9Xk833phlwHEGLQCk1KvtJu6HqrFds0=,1,0,,7,20150720
bhL/vasZh+qOLbD6pMwBPYPR/BJqB/u+x7OQzhKARKU=,14,29,male,3,20160224
WVNlWXqoKIcG237iWSva/hdyCGiSTlwwrQzRkiVW3wQ=,6,0,,4,20151015
6Li2g+1qB9TJBLyqYHxF826NfIvCJUu5aeU6Cd4sQvE=,1,0,,13,20160915
19bW/urKU+N3ggYuS9J8oSWaH3V94VFjCR+idKjefSc=,1,0,,7,20151005
Zh3yvWSXNT2irZKh6161Z9UuSqnN7Qt2ttjBjCom29Q=,1,0,,7,20151017
v6ZgIWbm91u6zsnVs4/XxTRfpt+tdz3CNBh10jkb3IM=,1,0,,4,20151114
1/ZlN+3Tn0zmIFe2rU4ZMV84LzB91E3xlfWmoJrYQ24=,4,18,male,9,20151204
WVA3jQRbprF44eOYMLBTnu/qBS/N/+UX2mOFWGtvdbs=,1,0,,7,20151223
6BLfNYR5Q9RGQxddZgozA4T1c2y7SqEbIRMMN7Dul1I=,1,0,,7,20150703
LRE546DBBwQMKiDIL2jLGL0+cKHb7otLiQwYyDKACcQ=,6,33,male,3,20150430
QAQSVMrOn1SbfhHaNtK/N1KlsPt390UcA5b10Hf5j7c=,1,0,,4,20160210
ki/zEyGCGBggRJjFjP3s3vhbnf6cWy6M4zAOVGSQVXU=,1,0,,7,20160217
Ds54iSCPJDZSlGqxFXGJaPe0EfFaYhnzfrZU1lCmMp0=,1,0,,7,20160518
vIppARTRMBDdizwuZRE19uQ6XR4AaHbaiOoqy+RXOdo=,1,0,,7,20160529
hYKW7dmQLZwsspJOURKb/wzIx4+gG9M0KxbzsMRnl0E=,1,0,,7,20160308
j+cb22RyEH8IElDe7pGjkfn8VuUVkJIfCN+4fqlWOYM=,1,0,,7,20151112
tFQ1J4GhByj/wgqI9IezrqijvPLKBSNCoY0RARTOH54=,1,42,female,3,20151114
ttA+rI6Y89SW+pu+PklW1eGFHxXcUgj6gGs2AjlqIV4=,1,0,,4,20151220
GjpbCTpv5hL2p2r7+fJIAoaZfpafoPA4wvKZBTI6cfU=,1,0,,7,20170116
BbkmmWgHJ0Jv1OR//OrNgq8H0W+AHCxWsGsofKUfgU8=,1,0,,7,20170206
jpLp+X993Scw05yaC374I8g4D10hpP7cmNyC092MFZU=,1,26,male,3,20150922
nYtpxDSquXsWtO+CRkP353TVCg30NHSrIy0/E8brMh0=,14,46,female,4,20160405
mMHc97KVuAqNp9BzvXiGu3kxz6UZ5ZUIC70Mmnp1kG8=,1,0,,4,20160824
QN4ZcMQqMvP3WEZw9KkAS4CpPs+cVhEiVrwRnD2jOzU=,4,48,male,7,20160519
G4TQhUliSQEreL9+BdcUoTXZ6qtp1YqSstKwNwsoVnI=,22,20,male,9,20160416
cv22dK1VlNRL1mfy4t0vyIi5M4ypH7Vy/FP3qVzqaFo=,1,0,,4,20160715
zb61rW7/hqR1rbZn7p2xWZhR/8OTZlRiYUdyW93qrmg=,1,0,,7,20150701
eVwoUiR0wc4kawGi15LrxvV+FkmBYK6Pp/CA61Ix+9k=,15,41,male,4,20160628
BZJVdIPSapu2774pJa+VzAD1PG1ZTdU5/d70G8qv9lA=,1,0,,9,20151120
h0WVuo2rq6y/u7POYWK3ZAJgjbgOIJAUAnQ+eZ+NbzU=,1,0,,7,20150809
B0uXvDTami3g+V8Rys1HHfdWO3r/eLRcwLJRqkNImw8=,1,0,,7,20160311
rpwqN/18lXKWAs2ciLIYiazzjPb/Bpc/1OflDns3xPo=,13,0,,4,20160215
MUpPJqGft8Zpc07AoSIlPy17vbeWmYC0lNSRhv6dQEA=,1,0,,4,20160205
/s0vtR3u0csGenLMBO8UXfKuSRmlnRan4vQN2heDtUQ=,1,0,,7,20150702
1k1AXZbmmRErMcvRWjRbyT8kNzNBlltmp4oLqAzKM5s=,1,0,,7,20160208
WgCoauWreQy3FZVWIrzBpjSAS2z1VWkYLLG7HAGE3Ug=,1,0,,7,20150818
txWVofyTn0lG0xv+XU5Bm2Bo6S8M/4KdMQU7x1k+Ydg=,1,0,,7,20170209
ZXJ/EB6NW3/KTRSAmnFbYZSknsHECPbbmkpLbyh9joA=,1,0,,4,20160127
1Mo4upDgWp1mPFa3de2Az/gdfe+MBBuRZwt9oX/OlEA=,1,0,,4,20160610
vUozhNCQlJ0/Zojo3c/5gwVPgIVY4oILxNjC5Un6R1M=,1,0,,7,20160106
IkhQVeuOSkP6JoLxyCWG/ZHUBlDr1MAoZ0tpxlgKYgo=,1,0,,4,20151205
Fnzi0pZzqoapkLSqGU91bAjV9Se0XHh/kHeuMIA7wow=,1,0,,4,20160617
NX9q1yEMo/b8hlLr7yh7i87UbOPTbL4bqbJydqoYnt4=,1,0,,7,20150420
YD7/5AUi6y+IvopV2pyOp5dI/g0J3dpfW36um8rSvTM=,1,0,,9,20151109
0a3qQ0YP9LAP2dcRpwD+m7dtdvGX2aLF5y6OqW4Z9Ew=,1,0,,4,20160507
KVVihqytt6UJPzoyj6dCYVHPXESFrGqCJVM3nlVuPug=,4,23,male,9,20160923
nGCTVs4rK7S/vY8wKD54l2mAbGZSD6QqJA4xhjY5cqk=,1,0,,9,20150509
KCBJIf8NG8Xwax4eRlFKwzbbsfhFkkzxA+4hUhQ/Ank=,1,0,,4,20160406
K9UecZixK7FjVZ2PdZLgQH2w22MDwI5Rvp+1k+UdfZY=,1,0,,7,20160618
9l/3hNarT42sMoDphDl3vEtHlL1f0S/tq9AHC3zLbso=,5,37,female,7,20160707
ae2CzQo2I5KnR9asXcCV8GnIzBFKFv4i50F8Q7rFVCE=,13,21,female,9,20150826
01gfPoPQ+WvtBGNjHkrt7sNJbLHyMJ+1qqDGVN6hdMI=,1,0,,7,20160120
vC3qo/oJu9I7grdi/ksccMi9Lp1L3cw0GrNuLmXH6Dc=,5,56,male,4,20160122
4sZUoAioQCzxHRX9x5CCZfz33d1BAipGEJnCWUBbgdM=,1,0,,7,20150707
RLd3/+JPOFMr7Oi7ijlSKDqI6iTx8JAKAnLarHGP+Cs=,1,0,,7,20160710
JjQFiOl8wUa58bvcb4cU7OdSGgJMLIGBYIuEKEUT7gY=,4,0,,9,20160427
DKfCyvzAjOfLdaTadCzwk/pogYfI89BWZ85/eWkFMmo=,21,16,male,3,20150824
qhL7AWLw1W4dFMv0tYh72YId8IAaKvA9oYuoSP224UM=,1,0,,7,20151027
N0IJYss2APspdLGfhdwzuFJmdfYUcGTs/jzk9NpB9+A=,1,0,,9,20150622
+19pK2MbFfs5+S94XPEgMmE76cmHGFruBgguswLEA0I=,1,0,,4,20160514
9iOI7R7C3bXzYH5onm4/6rM71auSMMuKCwy1qsdenY0=,1,0,,9,20150104
MJz0GFVGEQOMxVfEE+hDXov1TQlHdEwz6mrNZjZIAqw=,14,25,male,4,20160406
5ORARNlr4VnCUZ+5eTw8RhJwky84O5KYKRJERGyKYJ8=,1,0,,7,20160515
fBQYhsuxR2GUhnNlSqJBGHb4s06rPVJK7rhkqivhdnM=,1,0,,7,20160917
+MUoiK++RoxWS99hQIDffo7XlxLTwpsBXlwS6pR5mS4=,4,18,female,4,20151230
AtawXxktPUFNYEsXR1g3Umue/4ri8osLLgccABWMN28=,13,24,male,7,20160202
RemqzVqlMQ5LkKRzhil3pA0UlSc0aDnalCsMzr9CGuY=,1,0,,7,20150911
Ajp8biMduF6judCuHvHLGAyQ/peo60S251BiRv6N4+o=,1,0,,7,20160420
RAw5OPAo5xlccnv6Afj1FXUQ/7iSRR82Wx2hCNnHQnc=,14,23,male,9,20160924
T50eJJjq+MjYglXdE93kVnN7vkqQczrnZj8hYP4abBw=,1,0,,7,20161009
0nkJPz0CBfGsmwXhdKBHXcPnLm1X/scxuR68yWNJhbw=,1,0,,7,20151122
zwP9Bd3u52/MhA/LX32/WM/tekBEjDPvODgLmbVb9yY=,1,0,,7,20151002
F2HGkImjWHYtAa0MbgzXS137+GpRCm87BgAUZAYYQ8w=,1,0,,4,20160813
WSTxOrDQwUhK7YYuEMuciFsqV6BgRhj85TxhA6hwBd4=,4,36,female,9,20150504
5hgRdGSLLG7/dPFt4FZeA7AfIoDbr8npzaGELKZcTHo=,1,0,,9,20150511
oV81dZb/9bJasNvxdbuBlq/+tgC8utNBwyVryiqZ2kA=,1,0,,4,20160704
yNnD+A1uL65tHiQrCCHI4RS/Vs7bSPt+u45HjihBPtQ=,1,0,,7,20151008
gbVXm58POavhO3ecb25+T6Yf2PUKqRmS/bnHbBXOJrI=,1,0,,9,20150124
01U984XkA1Uqk3n5r+IRDEhzAzBUX3QeWTukcAqOMFU=,13,30,male,4,20151110
ffc1OJPgY0E5FXhVaktfF0O3MpOPOvDN6f5J4R7G2bs=,4,0,male,9,20150608
iAbAPXdkb0R48qCPGL8DgR9zPcy5Uoky/WDMPWn1x08=,1,0,,7,20150706
tcN9A305h41EIlkhcLUbvPcv0P361tox2BlrPr8N3po=,1,0,,7,20160201
P+Q1hJX1VpkYxWNmunxsNk/4IS8nJMVN9ZHmJ6LkdJo=,1,0,,4,20160804
zd0E/LxFGyIDUHR1rc84bhNpR1oHhvzDE5cQXthjFfc=,1,0,,4,20151108
2YKdz3xxCJS/nau00oO9zLt9qaErJBDMMwMYw7WbPL0=,4,28,female,3,20151216
YlGoDGlB8cakN8GAYw2pil3p/fcNWdtqfB9M+vXOJls=,14,15,female,3,20150606
cSiOxrfcePc0CHFHpcwNoHXyZnh1oVgq/9so/QwWmfs=,15,44,female,4,20160612
vRnm2dSoTdlEfEJj3IoAKsegyANAQJBy648xxvnWDL0=,1,0,,7,20160707
uGv3USSn15zVuIAxoBkaAaYcQ6G8EoVzVq8TnxVyHzs=,1,0,,7,20160220
tiaX+v4sLi4zRm9BzfgwOmNDkfQWPJ/WrjT6vFKzEfw=,7,27,female,7,20160411
lhOEGtRWQ2+1InLtcwrsVsvPzQkYvSUD7luMWpgvJSw=,1,0,,4,20151215
wdqfDafx86nYouOwXCSubB2bkqUAKdsPLqMZp4YTz0Y=,1,14,female,4,20160321
dCFZhrpScPtqVb57/CQFo4VjDA2/7sScAwvYt+7FyNU=,1,0,,4,20160206
5oIaE9tdoesLn/AziqP87nUHQys9oJzM0+VSE7+HomA=,13,26,male,9,20150115
9NTxdPOOP2SdwWNfjsFjXdvhx7nzwLaSdhK1I20n7eM=,5,23,female,3,20150401
y5+soP9tBxZaLYAskLGWWuEQjx0spXMwZU+uqoEPQs8=,1,0,,7,20150718
SSg0U3N6lSy4o4YrlqEKy0YMbTFLpQNLCVjIVQrggIs=,1,0,,7,20160616
lSgoysORanG6EPCu4lGEXIGLsvDkkmo/pMnO8VIE74c=,4,33,male,3,20150430
bdJgvbqeLoESB/aReKS7CSIQb/jwMOmNSbfEBcvEf4Y=,5,22,male,3,20150916
GcGSBOf0EfkHF4pIvcM1pkeCBRYLmMNXxyHyt79HndQ=,6,21,female,3,20150304
ws/H64SX+ycb40gXBlu+t8ZEWYqTS2/nAtP6UMpHS/E=,15,31,male,9,20150419
m8uXIbwoG6jlloxEdDGupJnHpt0aZ6mcFKif1mmPLC0=,1,0,,7,20151003
hO3DXYtGgrkFfV2M4so4OSYL2bt9DlWjVqQ3ZYJCKZ4=,1,0,,9,20150221
bdpsbXBhPMUJZaGKYKDbrvi5l6gLnqERbeYy/vNxo6U=,13,21,female,3,20150630
Kq2Q+XWSp6h/mKxJoGiazsAuondwav/OH1ScCY6cuUo=,1,0,,7,20160628
VBS5oWP/d/Jqb5GiSaE5PIgSi737WAO3VrNICKGJzL4=,6,25,male,9,20151125
iTDstM6+nmvRfj1gVqHtL0vCmz4UpqpQy1pfo/n+nsU=,13,0,,4,20160526
P4XdXHxtgnRKK6iN/vbG+Ad25+zAFc9Fom78yePfx7c=,1,0,,7,20160601
yvCw+UAN6JKAJnyVyliqNEu6ZtAqxmxJoXD7CvSBQlc=,12,20,male,3,20150227
DryJJflra1n5vSRjDyPDyqLJ2pV6Tvi5gYWau5GYBps=,1,0,,9,20160707
WeP5VzuL1m1qRfC5tEml6/+JAPmqNexcLv33yHw9lEM=,1,0,,9,20160712
gIUS7egeYhIrVrXOX63Hm77qR4Aw463ngcDL+jUKWtg=,1,0,,7,20151209
1PA6f6YCpHpRilG2BkkLZCeVX40qhBMQ270wPZ36LYc=,1,0,,9,20150901
h+ZnENu4Sh9va6KaRbr6Ul18PLDUUi9n4KWDbYOqlGk=,1,0,,7,20170217
pw35DB8s+q5weeFVVnb0nesnYY9JMX8Coxyx/oUeOco=,1,0,,7,20170224
NI/cVDjrMkRDiMuBApUCLG8U0EA/mnTqlfpc/JCqKqM=,1,0,,9,20150514
+cLiKJowSfmC/v4fqTQsmOm7Lgz161XU5eiLlWMN2tg=,1,0,,7,20160514
CPtnv3pOKJdlci9Q6K+mR4qFTtx7Tfc39ch5LoM+pKA=,1,0,,4,20160517
RQmq7EQaDTaEhD2T3ryulA2Q81c+5LXGKjeI0CzBwvc=,1,0,,7,20151006
sh/O4RyjfPCVcisoqCvUT8kte3krlsI9mHJ7nveNDXk=,13,19,female,3,20150403
yZZQRml448QA42bWLfhkUYZSYZOLIszvMl9yjn22rko=,22,50,female,9,20160823
Jxi4yLrbli9PiA7vjc5Nb1GtTnbki1ASBDUR8gLCEiA=,5,17,male,4,20160123
dvOWssG5YCXuZ6Yrz4L4kD5AeegBl9+JZ/3S4N8TVFw=,1,0,,7,20160202
UYhzJSemxcVxxYrFjq5HnItAZnQZr5lr/IYLaLbncdw=,1,0,,4,20160531
tfnYR6AWfnJGXnlMaPKG57tFQMrEn7tDT1Defp+EBrU=,1,0,,7,20150826
1TgxJSPlYEySuLaxLGJ4+LESaNPho++5+wdoL92m1BQ=,1,0,,9,20150306
sWZbb49hFff2PH+L9t1gUlNvpNHWiKo9JYFLmToXta4=,1,26,male,3,20160412
PdXC4k2Yu3+N7tQ02qvprbC3C01Bu0qv7v1ncJbj2G4=,13,22,male,9,20150422
4pfZ0SQxF3YqK1Va3NQ373Hs0Ik2d3dlmIdWU3TpXYw=,1,0,,4,20160503
NO+9uiQ1ZCM8kbND58YkqwRqbtlJzono5SqPp6YSFQA=,1,0,,7,20160130
j7FWNu5qLnf3flbV8FIfq5Pc0Ml4qeYUCCCEDUx1yq8=,1,17,female,4,20160113
liZEqoxmhbwoE3USd7Pb6TixY3L58uJfmqm9A7XK7Qg=,1,0,,7,20160129
6ciYvsWKFzFINSd6d+iIkgLvO1F/LkGvE7p2HsAjOvw=,1,0,,7,20160117
uVaL5y8u1I6hnUGUgF3943YJZWdwVvzGwzfAdle5br8=,1,23,male,3,20151011
QQErYxVqy+lzrsP1qgcLnUuu/IDVH8ZxPPD1QUCq6nA=,1,0,,7,20151024
7rRgcrXgSKKraV3+AE9oKzxtiL1Ccnb99RdgFBuGozo=,1,0,,4,20160510
8Tt/r6BENpJSp5JMQqM9p23QAOUv1IVdupJVLIIlebs=,1,0,,4,20160319
4jCCq2chOL9EFC9lA3qkzPXc3GFFuguMxaM3OG/stVg=,1,0,,7,20160327
kqKTZZ/7wDmQvFOwsgNi1SW3Dal7unI3Rbdnp0A5JYU=,1,0,,7,20150824
64lkrATxxomEUt7ZcHuLVw7N7kDhZzwOW/H8T+HZDcM=,21,24,male,4,20151103
xduhsGo42yVrfCZ/zKk9mgpqUdFXCKPydyZaz1jWOsY=,1,0,,7,20161021
P3Von5XUoDqvUbOcXozcfyw0Dog0NPilGAJ4ctWc8W4=,1,0,,4,20160625
IMB/5hF+XQ04CNAyB9k3dx+rG2p6NtFrMAXDzMpdMc0=,1,0,,4,20160626
akLPsrAwycCji8rICjnG8DcFMPXVRZ4PIu71LiCLy54=,1,0,,7,20150418
2wYj3X5TwCMxNob3VXYi40MnykAVRkDiiyzpkTJ3C98=,1,0,,7,20150909
NPDh4UC/X1eSOE9y3FQwHWF+0Uufn4B6PR88lf6md/M=,15,19,male,3,20150421
RH2rbkCWYvc1LpuHyh9bLQgRV8NdPR6c4N0wTVL7U7A=,1,0,,9,20150817
PPDZjtc5jG5mIf2WG3mm64amOpJ+hLYV7ZPRi7gfS50=,1,0,,4,20160621
Hu/K0ykSDj6sIae5oOqHeASvWzlhWC9XEf6ZD4uwAiI=,1,0,,7,20150824
aWNBa9OykdFL/D6VOe4Ij3Io1eg0/gTeoTeM8Jl7PLs=,1,0,,7,20150422
oGglxOoiSGlSZiRtEtGIvzMsNzNTyQ6E77oEopFGwP8=,22,22,female,9,20160510
4ap6R/p4YTUydTtBEv+Mjq13Jb8Fm8ewFYwsADz9xZw=,1,0,,4,20160607
Bof6GujgFcRG4kLC7R2EcrJ/NFUEg//XtEqLalVBvhs=,1,0,,4,20160425
WlMPyCnR+/juEkGD4SbQ6V905glojwAKTrWwkgl3s1Y=,4,48,female,9,20150819
mwim54H0jLkyi8gU7rkkCtOjlOnWGBRrnYW8DMSlRDo=,1,0,,7,20161104
CopBF6BcW+OiVhpMwud/k8F7ZJg5zVcYf4l7j/kb/XM=,15,0,,9,20150221
S51xHk+UnT7FPlNw4ZiSFWhx1kS3m1xzeiZCNBHOFuE=,8,21,female,4,20151231
XH/FiikIcS6j+DqbxDmXlEfavhHWUBpd0DhxMMH0G58=,1,0,,4,20151123
cUK1m4j4VjP5jMS/TzAL0oRqynf4t2FTt0kPzED1UbI=,11,17,male,7,20160121
rhSY+Bs3PLBrt+d4ab56MCqflYU/mFBDgb5duoQ+FAk=,13,22,male,7,20150209
8pmINGo6CaOD1v4RJx912uUv09ybqFLbxU35PCCScHA=,18,18,male,3,20151005
v/CExM2w8xqVHvpyXkNzdQMmL+SyS8qqwl8ZXEz7c4U=,13,0,,4,20151106
cqA98uonTjzIcgxyo8vT4DsaPVufHxHMTETINxvhpHo=,22,20,female,3,20150306
jSUQ191QC3fAujyXNk3MK8pZVrKGwoAWhHHw1WWVU9k=,1,0,,7,20150818
tcidAk6wVegNfvccQNC11C+qxp+dems8t5OGtukvJk0=,13,25,female,9,20150920
rYfYZKtuTYmOYLowQd3TooP6gfWs3undHtkCL9birEI=,15,32,female,9,20151112
JRTGSoOiLlnV0j1ikard3BC641uqhqFwLXZBdySrQ8U=,1,0,,4,20160127
2DMClPuQdU10cNxnAm/wHcq7UW0hBjGoMUReqTC7tt8=,1,0,,7,20151217
hwbkaxBnOB/RJrJwWwqKtKgewdbw/8q613GB15x1WOo=,1,0,,4,20160308
t0qI/+lJZf3R79hIhC/gAobrRtF2hnl/0f/Pizih0po=,1,0,,4,20160117
afpPtlWs+212Jj/+ZXxEqCPwfGuu9O6wOrC7CnwRY0g=,1,0,,9,20150508
KcqLZYlXCHk1PhMdABf5t24a9jhflimNMJx2BEAlJq0=,1,0,,7,20160215
VCEnFLT6D9m12UVfU/Me+WTJvfFtOtiReY3qwd1MM+Q=,18,20,female,3,20150813
wa0v8qUXGNYzSDlpYnMO8XO5D97wGqE9XsiIftSrR0Y=,1,0,male,3,20150322
GqT7Wb6CSZxXD2mvmjWETyQ01yHoNp8QQ8tsPuisIYo=,1,0,,7,20160420
Js4aLGcPMaQoHH8IhApInnKknnT/fj7L69ijvWLqNvc=,1,0,,4,20151114
iNC/txNyKmOTUPD1hE33Hj0SxoiuLqjnWkNocIgqXmw=,1,0,,7,20160810
TQ+q7cBza8r9Cm9tM7sUtkH2XqNIjWffYn6W+iSjkec=,1,0,,4,20160207
gudjNN1z9bYvaUw1rO1uF16a7mPT2EAC013/mvWz6fc=,1,0,male,3,20150417
KcZQdWZkDuBKdJAk81DOP2e5m3U0gWiAx6axHrg0t3k=,5,35,female,3,20151130
9aWHBsiciQBJ7dfNROYvrT1aK9d6RRF6VACe779R5Kg=,1,0,,7,20160108
eByqnhKxbxC/qKLOoOfwghjnvqsw7RIUO3IkJlTpwhw=,6,32,female,4,20160802
IEQQC+WiAcPNi4KTyDK5Rz+GYUOWaWW6TcQHr4zlzHg=,1,0,,4,20160620
WfCZ6AWF2n6qxODk9WGFho3Q5v0or4a73nV4yABRtcA=,1,0,,7,20160527
nQ+L4Ah8M0j72L3RNGs2eY/xodJWs5gyyKIeCD6639c=,15,37,female,7,20151205
eJTjrsuMDF+VBpKApBXOnL5d48MteEN4IGRH5+OblBE=,1,0,,4,20151114
7k5mIx20ZehgyRttmkNjJ8s5p0Ld80g9X3vxxw1Vv3o=,15,21,male,7,20150808
HFFp3/PhBvSwXfpTzF5i22EUou6sJr8MrFOKaJaonnM=,3,0,,9,20150621
PlLkJBvzNRm7rUrGPnR8JzB45j0ZWdh8ZUB3ehNc99Y=,1,0,,9,20160830
IyfHL08yTAL3v3Hd/sy4SSutER/6eWjhSKR5WSYAskQ=,1,0,,4,20160508
jzAfXrurZ97eAoPp6ECSOJqxf5ymQUKbAKtAOSkAgVA=,1,0,,9,20150311
Ojw0Atnh3RA+vneVQj1Gq1ZHp/GfFPTRf91GihpUB6Q=,6,20,male,3,20150908
7S70ZnqbZpg5wiPYhbANYIKUCNJZ8bp3vbB8QvimXcE=,1,0,,9,20150417
4tokz/mMs4HbaLtRUtWJhD2jGm86x+lnNh8PF054bUY=,1,0,,9,20160419
mnGgaQ1fMjXA+oRvfBg3sKOXf44qkiDYugq6UBQfonM=,1,0,,4,20160311
ynSAClKdtfdarzhngELKhcp48fCGcw6TYYedjbk+btA=,1,0,,7,20151026
cFqbRMZ5bicyxGzjNOWkDaqKHrPw0Q1fVKrTVEQrxOg=,1,0,,4,20160105
/btrRKHZuMjRhAGuO+TMQAX4yFpk3+Xq3L7Jno/RjJk=,1,0,,4,20151024
4O4jEXyEwcC9/ThMDHErv0dURjvGa4ivtABtXnZsx/U=,1,0,,7,20151017
TMYA9445AiNfiXcp9vDTksmxzLxNugY+scNXvdwzIcY=,1,0,,7,20150706
ao1gNMoLZV7UD2NgQd0aF3/7USsmmCpMvXyStgYpXlI=,8,24,male,7,20151224
1TPTz8hXmov9edog5COGK1HResMj8ikai6w2n/v8gck=,5,23,male,3,20160504
jRoNqTf/almfMrtM0pZUe597c0sowegePj+ybIkXR1I=,1,0,,4,20160204
OD0qPH3TfUgr2VVJZpYWJuayQHOYcx6ZQObIzQ44wb8=,1,0,,4,20160609
hAw4KCA3294XzP39guXoiYHttNZPgVYQ5WSbaveRWnA=,1,0,,7,20151201
9TDdQupFKLOygvWcvSLfpGaVB7PoJlRLISHmOl3AXW0=,1,0,,7,20150812
XlFPU4oLXABRMBUt4SKsu7QBxGS1f9/MziTLUEZ7DrE=,15,0,,9,20150823
I28dHmXFxzs0q3AxRct/Id4eLpu2ng4PutTl6k5iEFA=,1,0,,4,20151121
e1O8/xYCpH0qvALDpLXtZGoCtyFJEIhoc/smuUqbesM=,21,23,male,9,20151028
KCvYXbcUMjbVRLPzcLCFoFTHjDVU7mzGzF1CHTvf4/A=,15,102,male,3,20150904
xApmjiHw7CPC0TtMtZAjVxsaGnxXjoR/r/T9QMPFDG4=,12,21,female,3,20150507
rF4UMcmlnIQCFjNTbqW3+1BCXODK/51QbLgx9RjHBhk=,6,21,female,3,20150915
FVVrrbHYwXTUvryfv2txyM4N6jT7Sfr2QEMKc8Mvek8=,1,0,,9,20150203
yGCNDHW0cCbddUpW/HoJOPTLEqnLtktNwAf6iIL0g4I=,1,0,,4,20160712
TIQX0NcpWSgivuju9yDY0amhlXXQqUVXsKmXv5lJIcM=,5,24,male,3,20160512
scbUBrKrrctkWE9aq4Bws+VDrynJArJbQenLoY7wiVU=,5,43,female,7,20160228
tGUTLtVgQN6sis+xD/Y68/xxaOMa8gioHrfrYlJd6SU=,1,0,,7,20160520
N3bTWdT+RS9CfMIbstqMMkJDTlguumMuGMcKMcrGais=,4,24,male,7,20160408
WMzNmZvlXSLvAjyQ8s54gPRB9+4BqvO+5be09a/4nJE=,1,0,,9,20150406
VVokC+Re58yanYabp716hZ9K6LTxkCcxCXUm6bFd3lQ=,4,36,female,3,20150430
yp9ihg6Z1zkuj6b+ZFMHckcnk1Xy/yDT0VdCGmldnLM=,1,0,,7,20151126
Jk1SUzAd18lEvoRC8ejJ4/4IiCeF56cYWyZp9RFH5U4=,1,0,,9,20150316
ZH2f7vay9zBPOHGSSdHfXXB+n2mHKX7+oUAXkM/b804=,1,0,,7,20160627
p+g/kJUT4TrkhrRq+7aE+Bas3zdK10feU3DEslmDeIQ=,1,0,,7,20160126
LX03q4s4qEY8BLKPhqaf6e1a/XYOEF6irBxTCuhvDIw=,1,17,,4,20160801
S1/0qjUCQ5SyWc/nzuz2zDgEW6K2JaD3icM/AJv4MgE=,1,0,,7,20160909
aZmCO+P5DjLQIUDFK8zI4XFE2WAVP3cuGSTquK5I+R8=,1,0,,7,20161011
Rgd5Ulf4XuiP0hTZA5JBQ9SWZGnVWzSgg2vklQk+R/8=,1,0,,7,20151022
ZFAbieyDuwFnrJO2hfzbnIczG5fefT7dwrBMsYlVXEs=,1,0,,7,20160628
Ssl5eIFG3uVCSN84dX8HL33AZNoEhet3NkDYMTUiubs=,5,31,male,3,20150821
yERnULsq7XE+33mUthBXjyZSF5Vgq8e2GkDOliU43DE=,13,19,male,3,20150827
scmR8Pq9i7W3MbMMgJnv0bE0L/XwPd6fZ8AVQBphR3I=,4,20,male,9,20150310
2XcSh46722/UXsaMFYmrBb8B71hyk+LLXeiIR6kYo4A=,1,0,,4,20160626
zNBn4wUFFa/2HJpkYdLK1pjmxk9HmWkrqNVxYgTahdQ=,5,27,male,3,20151224
b53btVlS03zFQMnLrTwlqeauAHda+ZKMwSD02NXTpRo=,5,22,female,7,20150120
x/1Rh3OBoRhEx+x9L2F8Uai8oX4ND05/iux6JhZCGR0=,1,0,,7,20170112
iK5rvxBWcALXm2u1MrSlzMdO/dd+twm2uHytIkjBYi8=,1,0,male,7,20151221
CCYYidBGHGgsRsbDDMsnsU2hh9MkdiHDj85PpQaUeyQ=,1,0,,7,20160730
8Zg8Vl5DdBTF4DygZ6Pj2Lwzdxz1mE7HAQ9Sq0J0Czo=,14,25,female,3,20150806
Z1m6WSEzCf22aKGJxJoO0q7kphFYs8qOinc56+0NgAM=,1,0,,7,20150913
cx36yhWmJE2mw+D8FYpIt5KG01POnhxOtjT4e4E7beg=,5,20,male,3,20150410
fPDEryXLYZxOEWqyLsRzQVirgbmsBMRLB11MIDQ6ecA=,1,0,,7,20151001
ME9pUrUfqSaq9s4e7273nE8Q9WcyOD9Ldn+S0GukBgM=,5,25,male,9,20151020
K9md4I48JFhoZ7vnpKhGrqJ+og6LEDH3kjHZJHC27BY=,5,0,,4,20160201
vo/AvsL37FhWd9jyNqs40O3kCnbvmg9XsRpofqi3Kuo=,6,27,female,3,20160202
UCRH+gcJh3ivJsTrTwO6CZAI5Aff23uxfe7ioGihcqg=,1,0,,7,20151218
ikeDmTo1wcGUjczFb7bnR37P9/sovMptMCXuTWNY7tY=,1,0,,7,20170228
JOqXw2jmYPDm9v9cwGTrm93u0g3dqKSAIOoinAN7bJw=,1,0,,7,20150319
4Ex8i1uq4tCWKTLUgQb2Icv55t5KEMGhYq1MFKffGP0=,1,0,,7,20160331
Sw38t/r27jEw7xGVSrzAvbQrPiZUWi6k0LD3S6HEpac=,18,20,male,9,20150208
ol1FPnyW8/uKsQc9P4bmFkPqeMOd6VTpHBY3HvRH0h0=,14,20,male,3,20150223
wCIbB1HocoBMGcJZ7srLheeiO4tMo6mrqAlr+hp1qh4=,1,0,,4,20151230
WBPJugAsdeVNCmBxaQdOPvWzZxSpqE1V5R5V1BgADrk=,1,0,,7,20150316
tltjhO8dDzv25ZRfoXgokbuf8ZgzVI5eyNPXxO28ZN0=,1,0,,7,20160205
sLKiIJg9MOH+XGd8eAosgFaVJPGjL34zjoH/09r1ikk=,1,0,,13,20161105
DESPKv1KuslVSLILlTHoTipFGoRXes/Q9g7LvdVi8OY=,1,0,,7,20160425
RuiO7OkePHP6Ygx+YtU01haJM9lTz4CUMkbyGOBPSls=,1,0,,7,20161129
zQ4WQi/6Iyg2hoVrsxALgei/sFoVxzCwmaFEjsL7Pyg=,1,0,,4,20160814
gmKC6fF7bbK0U2hTLC4ssjfSP2bmsyB0qNpFd1gww0A=,15,35,female,9,20150213
Mjaw4FZricwoZejgxMIQztprXexx1+omxwxJQrNEjo0=,4,62,female,3,20150227
d21jLtsnnfltsjOihCOQae+kHVb5SRaXi9O3LyH71AQ=,1,0,,4,20151101
Z7NahwXghaA3KshDhVCdnRaHVbtzC9rC8IFsEStV1/A=,1,0,,4,20160604
cDRIbME9+UiSoKIsrEOlMI0uJ8rvyZnNGeEndAMUERU=,22,30,male,4,20151106
7n/ZVsbsuDbM/iT6CXH1/7B11Dez2J+ZVhl3E+vfKEY=,1,0,,7,20160701
HFkscxyy5p/Oih32x78nhIp0vSKNAYk5JnDuMwIlzGg=,1,0,,7,20150425
CqJSjxkhhoabgguyRVTOD+MQeBe/t+9oVd8sdzOoqNY=,22,0,,9,20150827
nGpPYZtyqIx2FPChVyb1Uz/6ux0IUXvbRRzgG90fCxk=,1,0,,7,20151229
FWmGuIVzYBANhWTsKeJbGtCjFgjzhqnH8H5VmxPdRMQ=,5,35,male,3,20160602
drt2Ibd7zM9PNDWnzXPdQYxw5mb7joEg7lSntyLOBoo=,1,0,,9,20150614
8sl6ANNehC35bzAYVID3Vskm6jVlfbZXKAETF/zxMI8=,5,65,female,3,20160622
loSSUSBF3OfqEEO2BukXDfmpt2Y5EDnthvM4cobJ1Dk=,22,39,female,4,20160523
msCQ14k1/qN6Pqd5K+LV3KI1e+P8WitnaP2n1XWuiY0=,1,0,,7,20161202
jgGl2p/WbaU4WcGWRgDPQ23XpeO7/QLucBMSJzmfmlw=,5,26,female,9,20150316
5dVKeRrJz1b7Jh78xj0lsE/lCZofLRaHLc7iANI+rP0=,1,0,,4,20160608
GMcIJFSsk4Zs4VoIE5OhswxM5l/RRJdOa0H55sPWLM0=,4,23,male,3,20151104
tOseIYVs6DQtxa0FGKdtv7hBKwvpNU4GhQSzU8vLuIk=,1,0,,7,20160313
fv76nnzYdqscFoUVXEv79ct7N4VSU3wXKwDf00vcK1c=,1,0,,7,20160514
HHzIJvVTqKtU4JInIpizU8haYcu4rPMnRVlq3UJ6BKY=,17,37,female,3,20150424
zFsi3uikuRFc3mIs42Vk9N6hUn4hvXxUQl5xuSKceaM=,1,0,,4,20160515
9h8NkfIl5V25FW1A6CQXj0444v1ZUXmrIZVI0emCRvQ=,1,0,,7,20160730
xAyy2EywOcJWD+XZDR/wmSkLc1AaWSkKmg3p2LDiKNA=,4,19,female,9,20150224
TPsVNoBwhREZZGYGYMKlhDfBMwTCuiu0IXPpqRs8ZoQ=,6,22,female,3,20150511
9/7AurEyUjoVLrUOu/CYaRcA3KirA3rK8UhXoRGeVO0=,1,0,,9,20161201
M2SzeAG8/z9OKaxgtj52DtXYQsaWiOvhXhORWO5/p9o=,1,0,,7,20161206
F4xTRDUrHniMY0BDDngphnWUzLM/iTY67M7VeTaxllE=,1,0,,4,20151221
kWBULxspw4KZM6Bh1GzM/3KortOFpLyOb6I8w/nXDfA=,1,0,,7,20151114
5qYmpQPpzYK1s/tLKb/O3qP4rQOOtvMGLNpLliQk5MU=,1,0,,7,20160706
3BprtXc3G+kENZqDQzn6hJkVpXLEb50bkiKdzKTjhA8=,1,0,male,3,20150913
aQNoa4eqkFp+PtGQwpCHwbsH9FF1hgiDW4fkJb7yXp8=,9,0,,9,20150605
NMA9eHJLrO0VF/vPsqqee8HwVCg5W980oWj16QAH7BU=,1,0,,7,20151205
1k98EoDUGN2Pyb3GovBal+y0IL8CWljAlz7Rooykm3E=,5,34,male,7,20160814
8YMC6sF7VnE2KP6nhFZpycdREznPzewihA/T64wSK78=,1,0,,9,20150426
QJRogMnBKPtQujp+HEXydod92qvio9ikzacH8Pbn8Ns=,8,21,female,9,20151119
G6LG15DRSbWaxSpiniRN205n16QuaoCAKg5XHMbK79Q=,1,0,,7,20151109
a52cHQ0bQa0zkXYC+wf1tO00m02EMrjrtzWB07A9ahc=,1,14,male,3,20170222
vFty9O8R9CVVzyI50YXUMM7k5P+wItqgjztWbudV3EY=,1,0,,4,20151202
/9O54KgeX5FqkjAoiQi6JSuG1ewRDo8Z9XA779cZzdE=,18,0,,9,20160608
gHCp4gWcQFXScJ47UqK3l6WwYkqdgF8m/pjwp/BuYzw=,1,0,,9,20150210
Kf534dZVWyPBKNlUICFLJetW8G7yqAEpcEw/+Gn04eE=,1,0,,4,20160526
Nfw92DfN8mvxD+45DylaKesH8SVahdBLjqDzI1CkKjY=,1,0,,4,20160715
SCRcqRuNkEkSIsp28rCT2UEwL+K8Zo4PWjgUv+cGJ0M=,6,22,female,3,20150108
JY52MLzdmiQUyMZC0I7Pk8lkWQzqWAPkM6bCD0OB0AM=,1,0,,7,20151127
3xfbtCxeX2IAe87U2u4fhZ83+7RaVTAj3F1yiQggIgE=,1,0,,7,20160814
B5+G9I2APxfXwzZYm4/mdc7lpT4uM6AbuXSbkq+/nSU=,1,0,,4,20161105
Z61SKvD6mBDZpSyqnMvaSHMyOve3XDZzDT1LoM/VQF0=,1,0,,9,20150923
SdYzYS/ifVwFCKwrFbrfa3TXLOmtvGyUYAHJnml4fUU=,13,29,female,7,20151011
xDat6VkV0fE1RABMfqIdiYIEmWr1JBJGww0Ka6q53Ms=,1,0,,9,20161220
ful5Y1Ln72GCwUUMqLVUcH0Em97MjmmgbNepa6lNEJM=,1,0,,7,20161020
V5eEpfvtr3PpCC2xHVX1rPZu/zWWZR8ub7ibDKIf+8k=,3,20,male,9,20150308
Pq8QVQMQUpOboiJTewgWEt+eA4sDCo9M5v6taT6CmV0=,1,14,female,4,20160403
lp4MMXXRk2qnRQIFkw405iwWY5ey6X6TZAee+tbE4d0=,12,0,male,4,20160905
GoqNqoioSPaXT5ZOrRgZ74qWdFxQ6MlgOxkIZdyludM=,1,0,,4,20160416
aIfsxighFbQ5akMZPyVZqPjivDURfU2mmEZ8rMUUQtY=,1,0,,4,20160527
xG6tCO/QLWONBJ7lVdMdNb6Zsyb48SqVS4XODMH0P7c=,1,0,,7,20161126
kUzTiJRwgFWGRl+a4hlS/8+b1ARsIo12Ugq2XkRGVzc=,22,51,female,13,20161123
5Mhp/oBjs54PSnycbP5Pdh8hSpd6A4VW6W4lZkUUYS0=,1,0,,7,20160119
4yZe7p0HopX6n6D0zaVtoPMBXPo8cRUWRtkq4nRP23c=,1,0,,7,20160126
v/Jb+ZlywwsA8NNlB8w5kPLhmDOehJ0liiH+J4s05To=,1,0,,7,20160302
lRGJDlpUa0rQALS67xfAtVABKb13v56jJGI3nWw4to8=,1,0,,7,20150725
nRKPKAF7KONJlVlzf1jVHQd0QI3rvmu4tHQUouT9fRY=,6,31,female,3,20150731
eIc21e6vOZzFPjbAt85LfIt4igXgPeQIWYMDNHmE+fI=,1,19,male,3,20150110
/txGqc8wjYFgCsloO2bufwKyRJnkD6oThyALX0Wxrx8=,14,50,male,4,20151030
ykQN6c9c80RiKdIUJB1smKUm1pUiFP7iUj1TK/uc1II=,1,0,,7,20150806
rGJQZ4n4lm7w+diAY77/bn+mOKlvSeMWCscr7MLFCqI=,1,0,,9,20160506
zohReN+GugBAVM0HQyik5P+4dYvofqSV1+fIHNTKknw=,1,0,,9,20150818
uZ5WEL9PqcRAJtzEKJ3tHnn/flNaaMnPlzksX6kEk6c=,1,0,,7,20160226
oZ9RhmIbuLPikO1lIl+uEgosEm4Gkusl2Eww/ndfclQ=,1,50,male,3,20150517
IWLFVb+BTq0UrlDsmBHW0nBdKLtpPGDLEa3f/av3+r0=,4,26,male,4,20160716
QeYMnigmcKpLs3xB11SXdI6AI0l1GAMC4YY+s7uWYmo=,1,0,,7,20161208
z4fIzeCdlszqVjNmvKo59BlyJD1EK9wMHUmtpIoQrJM=,22,21,male,3,20150202
eX0Ej9AKrMnn9IKoE7YGGCzLGxptmnN9eWYpOIcx/ns=,1,0,,7,20160913
3fCAj9KaFnP6EsV+zW/Y/LZZD6Dc6cKDTEJDAsWPUHo=,1,0,,7,20150710
UCJPE9jnB61YtdPlEvUdXxVZM6WnCsLpP8kXBA2N6zk=,1,0,,4,20160206
Dmyr3IHv7Dj1GKAd367SkQMt5t9S6bEMD73XkBLKV7g=,5,26,male,4,20161005
C2roQG2ioVSLYvg9vYl0XlhxyDWqzcRqA5saT5KtV8w=,1,0,,9,20150224
lrvggxkfPWJHC0e77OwdYwhOJxkJBZJIAmu9kz1ULMY=,1,0,,4,20160826
qhD8hPUR8+XrPXI+fybvPy+HjEhjmrex2wUE5D66EF4=,1,0,,7,20151106
0xzRrehQs5I8HPxKwdllpogA9SiBA8OpDTlw/ZkqVdM=,1,0,,7,20150621
IqvNjBe7kBSSHjsGrS/7g+YzJEQaMIczs/1cwPSiOH8=,13,21,female,9,20150623
kuHlCWwfEkHa3H0TO5sGsCdDCTImtxz35+srd5pBBo0=,18,0,,9,20150817
cWp6CAsdiJDWVcgZQZU1WSGfYUgZK8ycs0+wS5lA+X0=,1,0,,4,20160214
SO2X1539j5XnPfcSR+g8FmocrUciI4Mx+1svdU85b9o=,4,30,male,3,20150620
OV5HTa4TJBNQs2gYAxnwJkvX5rv0yBwouGLtfBt5Jkk=,1,0,,4,20160610
l09PezQ8S5flM9sw4rJaN8xOfenShfT+ZhtRS/ID3VI=,5,17,male,3,20150508
g8Af5mTWx/eCRmFgeWua4YFcHP7Bbbt9nlZrxBwTRm8=,1,0,,7,20150713
GHKYwUzq+eQO4JNAlOjGyq7pqe3ep82Eq1gj/kkeKG0=,1,0,,7,20160615
Frt48GnsxGhgWoz0wflCOJYMGjQyhuIRWhDLP2fNZx0=,5,0,,9,20150123
Chah+AO9yhucuUXL5Rcx/mvhgeIlabumrgeklB0lDVU=,1,0,male,3,20150112
lU+6XF9gyDFnS0BoFm1Z0FhjFzvGJyUyQ9VNf5OIiDU=,4,0,,4,20161008
SebcZGnlsw/z9Cd3Iwc4xr7UskNtZnErPlndxUGwd68=,1,0,,7,20160718
neC8tTyjP2jFOxDT1z5nY54/k8QsxyoZ4+knLpQozHI=,1,0,,9,20150728
AfocdxX4KIUdxsJGMVFvW9Mloz3//cVvod0Z6A2XQsk=,1,0,,4,20160611
CbtB5Eg0/cPyvP8q2vYTtz3kwmtPkZTkCxxbb6NLse8=,1,0,,9,20151004
YfoRR9Ahs++Z8ZWvv7F+okmICd354crxLZXwWVCXfJY=,5,23,female,3,20151008
5Lq8xd6/U36q5fnTeLk4YqQxu28wyn4Se4n89uotmsI=,1,0,,7,20160122
vZgpeE0T3yGeVLQRaCGTwkAvSD3ArSgoFCBzjYuYX/M=,1,0,,4,20160302
IG6bxMuWZRtVqhu4q+m582ZPWewpEm4f0dnHkRWXvA0=,13,0,male,9,20161228
0vqIjqn+b4NGkc6hf/BG9m7Mf5SAZRPZQyvD9InWjdU=,1,0,,4,20170102
wiWjL9v4OR5PQLjDt9HGM44IUHSt85MiktFgIOVu0rQ=,1,0,,7,20170207
0N9RhK76EvlGGtIWfZ4ZSRcUhQ/7woOMpNm8JXnWgjw=,22,21,male,3,20150316
WhyJcKF4xuVUhEcnb0a0GWnMBi4hmlNSabQVnB3h+uo=,6,37,male,3,20150618
RoXstDYO3N1JTLiD2O7mysyf4EWkwrlHxtUQpPlDKwI=,1,0,,7,20160926
ZA20Ubm52PcPMQkAQJfkHrY4A36Asn4fcUJrocuBuZ4=,1,0,,9,20151108
tvhtR2OI75Jv42RuaUb4w9PXUAHGy8ZJ67kcQk1kK/w=,13,40,male,3,20150501
WHYQtb1G7BPvMW03jvn2aW/R4YQlkG4cee2Y8btvZJw=,22,36,male,3,20150312
naUqZaF6Pb7m0UxVU2DUusi2uCYGQCrIpERB2z2nxgQ=,1,0,,7,20151103
5XPnt/d5ata+Se0evNDuZ9nCh5O9hMwyxF+VNgz2R0k=,4,28,female,7,20161216
+O1xOK3rrtcyQJHPKaDHvs9hLYSg5aNULO5SzlMplUw=,1,0,,7,20160519
iqf+auYTZ+WReNuXxGk+gWgjWBYrJELiQHEMT050gZw=,1,0,,7,20150403
ZPl1VyapFn82m9EOzyw9pN3J8BEpLU/OrbRh/8i0r+c=,1,0,,9,20150614
hdAE5j3C6V0r4vZUhnjOMrPnaW/VK2RvHGQnYYCCSSU=,14,22,male,3,20150214
vbiYIH/uTcaEHXwNPZBPtryQ4OQ0Yn8vdlgh9jypp84=,1,0,,7,20151114
jdrUSbMFG23PzlqpdVKNX/1lmKPTaxZrRuuCrRdwDzU=,8,26,female,9,20160915
3yihNGheyS7v+plOdbdS0IEP9HlO0zOscC1DxCsy1AE=,1,0,,7,20160920
8ICtmrOT7I9RNzk9BQ81eWARGsDJjBt1uJBi5WfHGSw=,6,21,male,9,20160824
KGyG9UAJ4zNOaC9avNE1fRpIyiTg+azQXzQo53EfoVo=,15,21,male,3,20150301
vCXvfNQ4vcUvjGSiaAnNp4jB2Kuij8YeD6fAgqymJNY=,6,0,,9,20160413
7OLJOdmBMLeyq8zbMAsHSPRJddsgUA3VOPlB1kT9WR8=,15,30,male,3,20160622
cjUUWBXvV3Tsjd9gKSphJBEZx/Co11CL5b3IN90iaRo=,1,0,,7,20170206
yftUtdbvtG6zWAQw0uU2gf0K7WGn8riF1L+IfSYhW+k=,1,0,,7,20151002
EX0F4/EAo/Eikk06kBafAPfBz4Rxpp2q1Xr1aD2u1UA=,11,17,male,3,20151006
2Q9r5vkSbdNEFH1atmA8XGfhQmnFHtpL+1hBl/O1R6c=,1,0,,4,20160122
/GAndW/mtLB7cIB7QM6mar1sKvLx7POSUlf/pRHZj6I=,1,0,,7,20160201
TMIqgrVoqfBfL/jpcHR1RVsUyfsFl40ZRKa2haLYczE=,4,17,female,7,20150923
jZesF+vd1lWdfx9r2/OBKgtl4sQ/b8+XpOVGuUTinAA=,1,20,female,4,20160324
XBNZYgKxr81uRA0GXgsWKejwovGD3DbTfo41R47iOME=,5,28,male,3,20150323
9TysgRZhwOYuKUhQXs1fwFiWzTmWRWKrNfxkv4WEOmI=,6,0,,9,20150415
vRyR9ftsSd7dbhqq8mya9wUavOribGZKBDJXChRgeMQ=,1,0,,7,20150816
RW03/njTxcgWOGGJU1/RluAGnvbTCNCgsvOlFyVxzxs=,5,46,female,3,20150822
YCd3eeHrV8KUzfRfNeUm/UjC0WWXVlnb+9Q6ERZL2oo=,1,0,,7,20150726
jJTj2qYpUezb01bvEv2mw5VYpA4ZuRUvwA4Mw8bX9Yc=,1,0,,7,20151125
fzQx5NY+ek0iUk2tl+5tG2xLAGou8n1q9u+i9TuW2kI=,1,0,,7,20160602
MF1v7KHmnCbndYLLqtQuApEkm7yo8uy0DMrRO4mHXvY=,1,0,,4,20160605
IQXfwnv+EjBKE7Qbnu7PHwVzl5z8YMzOMrJSN62KrbQ=,1,21,male,3,20160909
2H0a7ppR39ACchV5qSX0HxGN/BGRfK8xmfVm3K5PCGI=,1,0,,7,20160720
iQPgu83Rp/hb4PFKI+sF2ZxdVsbmvg/61U+ZMOKusYc=,1,0,,13,20161127
i0U8vizV8XdiepQzIHSejVHbrq626jwBVl9uq1RIxsM=,13,0,,9,20150606
NyWCZ4IDS/irW1HLjKQiUFalz+wXIjcd0C9L2iNVcn4=,1,0,,7,20151219
lbEg1pLfhXpaDIHWyRIcbKs6i221CmdWzozqPVVUx80=,1,0,,7,20150824
xuwogk7ZJ7qR4L/ur1PmCuaKAMZS/vMOE1+5M2eCLEQ=,1,37,female,3,20150604
nP/MFwc4AKGkXH4wLQU4u4hFef44Isps1/8VLQHZASQ=,1,0,,4,20161220
d3Lz3sAf9FltMqcEwceDIykO/NH9pqX7tubDYhA84Hw=,1,0,,7,20150404
1IG1gYwAJ7DRX3EVrJxNztvi/GR7gHzJzA7pHkVhUt8=,14,28,male,3,20150321
vZNDb/IFJry+oPKop3ui46o5RkMaeNxkLMdRkmGI8D0=,22,25,female,3,20150408
qF3Usx6qykn7GYAymQnlVI/PEkgyyQuTJELaDGK3Bk0=,5,26,male,7,20151106
rzGGUc2n0PcQPuWUXnIPN/gKWpMOg9TF/LGX6zLe/wM=,1,0,,7,20151110
55/xwOmTu0fSIBNbw5dgyKR01ex7rQhYIayOt7DsZzk=,1,0,,7,20160827
EiQ11ZF8hq6UaYtEYyDKWeNtY0xHdNmojHKGVWC3y30=,15,0,,9,20160518
oENIOOHdnO7x/SbNDI44qUW2lzwFsFtJAz3BVUMdw4s=,15,28,male,7,20160325
WyxRfYCtxT92Ap3SJ9cRXCF94kN2qiTgPia2kDHSOic=,1,0,,7,20160730
E7mABUE/fIh/l1kTBOZl52+jpkjnL/VBzRIncXcxeJ0=,4,17,female,3,20150601
qwFu2KcFfRWN41YecxibCR4SM31dx9ahouRk3ODg9MM=,1,0,,7,20160331
eHtcrS08P6A2MOKa2+4a7xjNYjEka2aw850ZIpsGj1U=,1,0,,7,20170218
ReWy3jeFsF2oPbx07Cfti/aXSbKeYXKJD5FBj3O3PEA=,13,34,male,4,20161217
1ZpqbnkvAqZ89SnoijVML21jUQ06MK7yhFLT+5aOJBo=,1,0,,4,20160319
I4RxMWq8A4FXf+2L7UdetPRNVzPnmWOTYRMGs9UOkM4=,22,30,male,9,20150510
lEn9aEqC/rAJF4YxKXj0HPkQll0qoMPZQt4Yowsqua4=,1,0,,9,20150604
h1CBjnTGDh3YCVL/EDGiv1gHh/Qg6wbeRuQnaTGIG9M=,1,0,,7,20170217
7GqVw8yzplFykxaw98lvRLhf8fVMpdvjIiKtBHJ9YJY=,5,45,male,3,20150513
krVp+mYCEVIf58L81ZU6cD5YcumL2t1F+9WWcUUDV0w=,1,0,,7,20161118
5KA8VVUG5EZp3QX3vC99XsW0tmeAFrPzh0Bq7bX74a4=,1,0,,4,20160513
7LTcttQH7AzaFitFRyhzMbCioAPyZzNIvh6sGHj8gv8=,1,0,,7,20150219
577mA0BskkgqhJULEy/YihV+CAB2k6/J2Z6Rn2r0s5g=,5,37,male,3,20150407
02yMs+Sky4TEdOdc6wWEHtHR7cx8jp76F91CM2b4pg8=,1,0,,7,20161108
nVwRRUZ/BCe+g0dQDfq8LJfex9loAeyxs4ro8Vao1n4=,1,0,,7,20161206
ZyGuRGYOqnRxRZ4WTEKsQ7TkhPA0afz60niVrXfGO6Q=,1,0,,4,20160917
13qkWXB97hauf+jh57CSJL3UdfhVii7BovAjOQXN36s=,1,0,,4,20170204
+YgVY4LDbteJ+5gc2CrgnSydQEe3P4cKz4dV3seqfrM=,1,0,,4,20161206
swW9G/1l7VJH30Pqvwu9+zPaifb8fKLj5WE3y9fp89c=,5,20,female,4,20151129
NI9otZpJeHuixmyw0S2PFERJxOSJVAxfLtIbcgpV7ag=,1,0,,4,20170211
Rm0Yr/PwVBEcMWqWSAzoPBPju7FUkwGQ5VeTk7jZq+Q=,1,0,,4,20160518
HhzYrquYKmwSqhm5J3ZZqn8t+9z3KoP+GHTsROSOuS4=,1,0,,9,20150104
fAxoSAR37wl+ERxNhVuwiOM452Yt4Q8RWtYwB//Umwk=,1,0,,4,20160519
ccAQrgU0lYP61716ie8Vj0+MewfNLZwPNNExWTsGOqs=,1,0,,7,20160521
T3UTY/oURbV0n/ZPxU5FEGZmnf3TP+3ZnLq9Q+JQ6wA=,4,31,female,3,20150329
LDDuwXXYkjPeElzFW5FpHVuyJvyE/4IzYhce2uJCVAY=,22,18,female,3,20160822
pZqwARuu90Aq6W+paxXDTL5R98rnKVZZnzVw8MvdcZk=,5,44,female,9,20151119
1A31Rvhuc7LiWTDj32GBEO4Lht4i8SwnUny0sQ3XlFs=,14,18,male,3,20150404
+JTP6kAfW1kCN228Yg7AjvtGFkfi16yEIownPkAc1TA=,1,0,,7,20160505
riCxKua+trG/dMNlkQfBsvxXVHNLcwWg4Whwog2L+AA=,1,0,,7,20160507
+uXAQjAYBs/FRgVvMSBREtyO+ywfy902IG7D2JJb+qo=,14,21,male,3,20150423
++nqzXpLn1fFKdCWEO5X5ufg5RJV9FgPMsKuHrnwk1I=,1,0,female,3,20150131
zN2px89sHUmjbPGHNBkYssv1fHiv9CwyTqMNfCqCS4A=,6,35,male,9,20150515
tFJvrLBdje7iamrYpZu/UDEZJcrhtSk1zlEzIyUY/dw=,5,32,female,4,20151213
SbPHCl6l7StYEY9UGLQls99BOrdgJrs9+8cKamw/nnI=,14,23,female,3,20150120
OABjKEB6oVhJl+i+Qc7XmTIzyeVGZ6LUlNDcesq+khw=,15,20,male,3,20150123
yH6M+Etjv9z6EbQ3N4tQDcyWK4Rd/g+noDWO/09BkO4=,1,0,,4,20151203
1Tv1rDM1m9LjvsxuI+rL5gMZMeo4V3YL93Frl11m3bs=,1,0,,4,20160731
SbHNM4bZIaP3O7zkR1oX1kzmrFtKPRixBGbnZuCrad0=,1,0,,4,20160205
4tkv8UK2cr0A391+fSyuKrKFAiO7/NhMD/8me3LijcA=,1,0,,4,20151015
LRUQmZ3i28H16Id8AjBl1SxkVuWNgi4xkFjbDRL51DE=,1,0,,7,20170223
iMYo6CfPMFhgEnLvmGlMDfD77R1dDcbVM0cy4IIWi1w=,1,0,,7,20150525
iV0TYwS5a8r42I9fLFAu7bFnKqKHk9f87XcNXvpLzxY=,13,0,,4,20160929
2+0mvnTX+1FPAgl+ooqDVSlHsKSh7D3mE9Gty75aAAA=,1,40,female,3,20150904
KzR4UNhMzxLcu3pez5OdSZiEJVdlrtz/UD9eq1qofCk=,1,0,,4,20160219
RqIC6HBeOoMCqqcXoPL/Qh6BC/Xr800MNz52ay+p8KM=,1,0,,9,20160310
+HP44sMxy9UHaP3uGxLmG+lIxIYybObhW1MM+OFRhMM=,4,27,male,9,20150505
3bXI3YCbKTlnNRFLD34L36XqjNoWs03C4Yk/X5KiynM=,22,0,,4,20161202
IGwj88nE3e9fuoRAOJqZHY55goxzS8VGuyJJYjXPWqE=,9,21,male,9,20150411
le6CUgdrm3vper+qVIeLDsGaA5T9uyjP5o4UqhpR3WE=,1,0,,9,20150725
osoj8jVMm1Oif/q5mRrNKs2fnAcUR7NN44R1bvTeOAA=,1,0,,7,20160606
jVNEM+lQNR9gnN7fFrVVlg9padhpoYl0ZNSXrqa7/tg=,22,47,female,3,20150812
qRjJdmmV20zFDO/uFu9LejujQElpzXYlHwFGcwa8Pmg=,1,0,,4,20151012
QaMthwUP3xT2Vkd8h0XXgvddtQHxFj3veHS5Gig3lus=,5,22,male,4,20151110
VOwek6XUOE9+Y5vLgNPx9/Cz7gM2o23vDFKw5ZCih/E=,1,0,,7,20170218
qOlrZjGyENddOb0dmEfOpt3z0e8jqGo2syLgSP5KC6Y=,22,25,male,4,20161013
bDf3BItrzBmKe668d3SNYF1vmri5XKr8/MrebZIHHqQ=,9,29,female,9,20150613
WOxNBr3CIa6K8CvfaI47WtqvihyeBSYVCnGVg4qSBhc=,1,0,,7,20151226
QiOi7WflbMt6rbvusBRXVqaQppxK0N6988cv0t9/SDA=,1,0,,4,20161026
G47BhIh6SIrn4ZCGMMHXLBKVy4amRNsn3Hm/A2YggIA=,14,21,male,4,20160101
nVrPcLPf0Y3h54KBXB+VoQb0em1ILQ46/5cMXernsDM=,1,24,female,3,20150913
ZzP5okri+3WglDgOh/oqBn2M211Eb4WSE8ln6MmyNJI=,1,0,,4,20160527
UKNMS2vgs5VLkzeej12D9xXZZPnkLjhx0VNM3vrSJRA=,1,0,,4,20160615
y+OXG+4ENeHkgtGRurbWxYGBIL+vFbQDbel8l98vwZw=,1,0,,7,20161114
a/sLmHqLMKOWNIkias24Dzza4rJkTn26LWBIGRykZkU=,1,0,,4,20160428
6KOvaOETELmDmeMJspT3WR7wxHOSnVpqikdp4zay0og=,1,0,,7,20161004
S1qu0aE26lH4p4daLGsKaeASVtJreX0cJUcwCFomlOA=,5,19,male,4,20160608
w50WAHSTewSYZiCHuGpLCQHmN7vg5Mxg+OJzjJttbJA=,1,0,,4,20160609
U16vlQdDEoXiSCTg0euCrQ6NDa86Ze3yUADa9AuH3JY=,1,0,,7,20151026
RfeXcj4nb4unrG/b9oGwVqO6iU6QhhurFH3XUVcRPkk=,1,0,,4,20161115
IIbCbXLoJJrou1ybPQ0QELT6Ah6jlHvW3tNq8T/edaQ=,1,0,,4,20160722
HiDKzeCdl5jT4M0ddBg5vPXWlKbxa5uPYfa14cPxsVY=,1,0,,4,20160802
E3ogzLP3KfGpTdNgRhdxsHioYsIwenz+zeCRcAw8z/g=,1,0,,4,20161029
4wMKQ7fYB52agdaFtSwvHDwI5NoQpySl0Yzqt1RQFAM=,1,0,,7,20161228
cOd2vDGm8UtqHI6SIk4pIxGaQfGdhc2l37R02lUYn3c=,15,42,female,9,20150829
4TJgIpxkuPYiz3L1szYJdgfa5IFwrDCv9+KxSSIaMDQ=,22,35,male,3,20150315
61PuSMI9HhlH5rOHsukKcjf2yz0LvKVBA4NcZOBQl2k=,6,30,female,9,20150317
UlH+cRZhh5/cvOGIGxz31EW12s4nYGfZsefjMu1IMu0=,1,0,,7,20160614
nXXgHmycWGo2ZGs7xQCkmk949qoWUovSdAVQ+hxiLCc=,5,19,female,3,20150404
E+Rt2qdMQYFWutiNNF7816+YF42kg3eORzkkMID8gJM=,1,0,,7,20151210
Kqc6Ug+iRjI7nFrrzaaMyv4+1O/sF/5fJ0lD+0vd7b0=,14,21,male,7,20151220
bRATohnrREfnhdp7W5dd7isjxsC9Mq0GNwU2IbZMehc=,1,57,female,3,20150318
CuM5UQqeQDYz6mDatSPUZuw2xCADGAKJ4uvbIEWEO+U=,1,0,,7,20160104
F61JtBDohH772LRjnH575ewEAmp7p2PfcSwyfeFfGhE=,14,19,female,9,20150709
mPGaKf8UqnNK5sx6Cp4QcnjvJWt8av67yDkC9S6Gq6I=,5,47,female,9,20150808
aQ/Wi2pwx2wLO6Ry1JagE6rs9tVgtEsAB+MJfngeryE=,1,0,,7,20170115
aR1rxYRLlt52fSHMwOhQXNr8A/IXQbGjDLefrFIQxCc=,1,0,,4,20151213
3z6IjCqBXTMbEr1YpThYNTjEgx2SfX510UPmXdCah/k=,1,0,,4,20160718
aAYDd2bSouF2xa32TD92T17kUx+so3VJcyUDZb2dMj0=,1,0,,4,20160901
l2Mdusx2E4jgPSDwyir17sbNTX1M7teGHsfMbLHjmrE=,22,30,male,4,20160312
JjnoCwddVwrBPqXIkGNwTSphCulLh/wiFJyqD4NT1z0=,1,0,,7,20160307
kkEy2tNnL1pX7HzhqDejz6qNC7EDIMuGidXT0d9D1TA=,6,49,female,4,20161118
KxMNJnQoRZvmwAoMEPYabHoYe9ySBP66gqW+MbRc0lA=,1,0,,4,20160609
8Dtb5L9rsI4YUHSCpEDB+QM+ZGN3v26nUaYtFXeCcio=,1,20,female,4,20151219
OgwYY3JK3mfR8ez42pnVmj7SybagRWeQprgnMewW5kQ=,1,0,,4,20160218
kLTktIe0jyWVTpX0O2pNzj6B8le/CNePKrs1SxYZWFc=,1,0,,7,20160305
OtDNDbjcHFFKc2VahezWZLTyaZDKR2AQ+YbkODmOmzQ=,4,44,female,13,20170212
PRvFqDGeyHCV92KCsDiCVEjRSZgzamabnfPHh/DZ7F8=,1,0,,9,20150318
+54/eZEe9Nd1lbdTwdpUEVERW9Kk7fid8ekOKYIh/08=,13,0,,9,20160803
OHDnpgpNMfyUhxC6a/DY1AGB9Yalpbb+iJ8RqeqR678=,1,0,,7,20151212
QkySpyO1+jOiNu9cSjcz40vHpeF85RHVPxPgWkL6qns=,1,0,,7,20151223
8uFo3gUXAoWdS5B/g/qdV5WokXkGLOaVcoIybz4Yj20=,1,0,,4,20160523
neGGH7I11CRGLHqoGWeXQdCBhSlAdTwGTJ/JRQfCfY0=,5,17,female,3,20160210
YG3i67bQKa/iO1xNMRZnornH4+XkRKj2cS2Kb5Qel7M=,1,0,,4,20161023
EBHelSpZSuSdK0KklvrVtsC7GOwvOIF4aFrZnBxuf54=,1,0,,7,20150930
x6L8vYND4lI0F+snO6W0PKdcu4iAEs7VWyOBrBu1lSs=,1,0,,7,20160725
wa2TO3S8MZ+bQQ7eYJeZAC3gq7GmUSJaAaIZi9hmngQ=,4,58,female,4,20160622
JjVMbL1ohpL9KHaG3C7dJLMBoaC94bYYxb2EBClmVY4=,1,0,,4,20160729
GNmc8kqgjxHF4vyhs0RVuTT66eb57XJWjCczqg+13rY=,13,46,female,7,20160701
b+B3UBhSjtw/VrenB463yUrC3m0WGcipDfUfaVhLTqY=,1,0,,7,20161205
+dcCVDQi3K14KfOFdKMWhwL+KlQ03q10XCOOCcLcBqo=,1,39,male,3,20160711
kFxtSWSgjV/oz5CssbczE/JW8+nCibdF3o9PnXzIug0=,1,0,,7,20150713
eIrykC/gmCqu0CvPMeakh90KSHctg/uMGhbCPgW/PFE=,1,0,,4,20151019
E7s4a1jq/o+z51vDRyy3TgJ1QGJbtHwtXWArRIRgV2k=,6,35,male,9,20150113
6Vo/PnT9jNL+bSgw6a14rUf3oFLv22YmD7BCRBw98G8=,1,0,,4,20160531
lBGDgaqZbx9lsATLu6B/LJUAvVXM2IfuWLfewdVwHCs=,4,28,female,3,20150815
QmJ4U0JeDx2PDI9G64Himg4owmFPLjYJgD+AWokG0F8=,1,0,,7,20170201
LHZdUbskH0lb3QuvHH74BAg2Ev5hSgPN7AQwdDcfVpA=,13,20,male,9,20150420
iJ8uTDW3BXSUCkaVO20DBollY6aitRrFl8aep7Tets0=,1,21,female,3,20150305
NMAMnbJWXvYuN9z9g1mbzFiNJVoFMXyQ7yBo47iqSX4=,1,0,,7,20170203
e1VbktLTuDJxmahS3gdJ+pYrR5cPcJidFplhVgV9NRI=,1,0,,7,20170113
qgJgSpQyq9qYU56nVeLL28wXD77/SqhnwtnvSQLkHDg=,1,0,,7,20160220
PlnjZsDeU/BkCnBSi0SCiBzBBI8+DMKKxcF7QwVWZz0=,1,0,,4,20160410
Pxohikj4CXL0IYU8XEGyAljaU+WLvD9Sz3EX1Ct2QLc=,4,30,,9,20150523
YSYhi50yXsVZ/XjgrCcfp2xEduK80fWSJ9ee3osz1o8=,1,0,,4,20160208
rL+SvRt4K6Ef6eAX6tGE2cAphzkpgHF2MpiENIVvmPM=,1,0,,7,20170126
hjVk+dSKkB6aMRGb2aNyyT3WZ7sn4rYThCVdB26sS+o=,13,21,female,3,20150827
finS0u3ulps1y6hDWiMmzW5LE8e9fKEcgvONygJWzlc=,1,40,female,3,20150319
i703rn4ibQMI2UH9HvjnIHuLYibABF97Br6AEkq/020=,1,0,,9,20170125
cwA723+lziTc798J7RkKi8TXRi+b1ULU6I/CjHQipks=,1,0,,7,20150816
7xZKvLzMvnt+8qYsuKamapARMKu0mXiTxyJfaC2wLpM=,1,0,,7,20160116
9NlnErA/7K58PKX50U3VlT6LZsTDiN1zCOSaMPZ5gFQ=,14,39,female,7,20151229
tYAOj+HSEmOTa0gBu3gKhT68exOeqP9YvkZor8GNh98=,1,0,,7,20160318
Q82FywKS64mAnu8m4DyoeFzJt/InSDfNifUR1VvNLEk=,1,0,,7,20160101
qMgVqMSKGUbYdmq4PvwdhM6y3qJ2/Z4jLTq/hiOWFvE=,1,0,,4,20160310
vA3q3COQg0WTJTZnCar2WGMWWoK76FXa69gtmMPWzuI=,1,0,,4,20160803
gD1wQ0jpomoIeTBTRYzmbHtcEHrmKACPrgEsPMT97T4=,13,0,,4,20161025
T84fwRPINk8aSJz7Gctz3J4NAEkrARQX3jM5sh6Jb+I=,1,0,,13,20161016
tfJUR2ACH3Pp2ghL3MVWJ1LNIFzbl2mXt5FkfmZWtOc=,1,0,,4,20160316
h7It2k/duKi12kSJUH/IlWzcPUTsY294zMop5r2DQzQ=,1,0,,4,20160731
bgl4TqBN96w0a0naPKkAgFlWf6tdxM1tE+MXocN0uaw=,1,0,,4,20160809
w/Vo03Dxk0UUSARvdmiDnPVuA0FmOxR6h+Aikr4Ivaw=,1,0,,7,20160820
S9NevEYhxuXBfcwai5n1D2U7vZuILvnOd5mdkMcNAyM=,1,0,,7,20160310
kjoPRIMtfyDMdgnEqREpgbLHV5EpDGkoVK5HhxVMzbI=,4,58,male,7,20160807
UX8Twfeie0+IvI/2wYA5k1HF7d8ToWHrHZnNYHOuiRE=,1,0,,4,20160514
p9Oxdf//yv67QtYxTnHEJEow3Pl6E5eH3Nn0Irl93HE=,1,0,,7,20161128
YZstF2xvOgKxiSA6TZ0GZXUEp6mSkfyBORIcC/MUCpk=,1,0,,7,20160506
rHeci1ieWQJ0kzFvly6xPGfFlJDnqpjD0XpUIB1Xrys=,15,25,male,9,20160513
2ziRngxkuVxu6FGllsyUhaypDRBotM9mXpPv9jdZciM=,10,31,female,9,20150217
uIGZ5SyCfnSBF+yjaZjHAuDBjljQQuuz2Xp4q3gs2iQ=,1,0,,9,20150104
zjSWukXvF0SYmRytVym7RK9RZ0KMamaxENvc65VnG3g=,5,30,male,9,20151113
PhDIb+kaoOIm2EqYNhh/UNOn5j66JRD++YEZqULTMMI=,5,31,female,3,20160829
wm6KPZavDkeVr7jJMEKNRXBajl/2pi8xa6hSX/d5UrQ=,1,0,,4,20160811
dbzbr9BSTYQkYEgwi68ZlCPoHnN1s5CEyTyVM79G2q4=,5,0,,9,20160414
Z1b1z2wJbjrQgnEheQLx5mnkoxyMoOAPiqGGG8v0GzE=,1,0,,7,20170204
DHTvyGaddO+kf6AM/g6xdikof8Wz/7qOR7bL0mahbss=,22,0,,4,20160314
8MH3z0BJrgwqYTGy6nqALutL4ZMMzrGJIlgbQMPqx10=,5,39,female,3,20161114
aBoV2m6EYfmY3sOL02GqGmWrV9krpAdX9TljiJPyEXE=,1,0,,7,20161114
rEK8tJ24jIoZF7YQxe8yAa3RPes2z5UX2Pk7D9agtA4=,1,0,,7,20150823
cZypffGSfK6BNVf0djH670/z8s+6BKxoO2r0eXYBOTo=,13,0,male,7,20150213
8ax7rqEDQ/vOFcf3Dhy6HVCLGCvyhzUnTV2DBtdIunc=,1,0,,9,20150608
/D6hLs6uEmdRRsozvakVDzrYwYhfhhHMXQc21m5lHcg=,10,23,male,9,20160219
e3WA4dMa9n9UFKlSSAZvXmz/gcKim4o9yn62InbsLXo=,22,25,female,7,20150213
rszJTfmOW3g8OUCYjHDnpFYcMH4V/ee3Y7EfLlbw8WM=,1,0,,7,20170223
yi0Obu+v/8zhMDmZ5lcTGMN/1iKEaDr9lIPMjc3icoo=,1,0,,4,20160821
iWmJ3TtjgWT6ySiox2hzc2tA8X/2BgXHrNUka74WKFc=,1,0,,7,20151112
u3cb1niZzuf+Ip8tV61d7zeW69WxquF1aio0Oye16r0=,1,0,,7,20170109
0xCouCjW6v1xAWfbJlvU12iMYyrkt0+roC4naKPxR7g=,1,0,,7,20161004
NOJIr5vsntfXteLD2aRk+psV8ckj5zEbegt/uRWm6TE=,1,0,,4,20160827
AVv/3bz0fBXbNnAWzSeF6P3R6O5FX2g8nCOVInJ3xyU=,1,0,,7,20151225
d/ptjCOAuW1daSAWiIqSK7UcOtTEM3hfOQxdZSTP/e4=,1,0,,4,20160116
Egw7aC6KFOzg+aQ3EEkfXVi7jxQX1muvd6hG/dC2iXI=,1,0,,9,20160103
jIpELVLTFq08ML8WrP1qdJNHRbG262NEpAxOzfLGRlc=,1,0,,7,20160824
NIalhEj/TjcjD67sx3ymqv5F/cDioip8Z3c/0rpB4hA=,1,0,,7,20151028
XmbkR3dDbx7MJSd6b8amr0PaYtyJMq2QDvgGD8habSE=,1,0,,7,20160228
z+q1c3eKfy3B9dGDAGV60QiMb398j47AgNga55tK7Gw=,6,48,male,3,20150602
0IMHeLud2TXgUlBrRAhhAuXht1x3T5GDHyi7m4pcWT8=,13,0,,9,20150103
kKqPuOICvTIHE3dMerHaSUh30Nmx1/dz73c/507mb6Q=,1,0,,4,20160313
+5u/a0As1/sMBLvZld0zguSCoqHxVJSdMddmDvi1hTQ=,22,37,female,4,20160214
RvhpdZDpndEX6vCTQRVYmp//VhSU20j5L0G8mUo71T8=,5,30,male,7,20150902
Mdq3Tjm8y+74aqH5EQn+w+Wcv2pPAaI3xiuUE17rFFo=,22,20,female,3,20151007
KnHO5xiWzRAkHZQI1WNJv35bYLviDWQQO9bcQpXdkDw=,1,0,,7,20160102
4F7ukbExyasWY3GIkho6DjTOb3pxX7m2iyeguI/QUkA=,1,56,male,3,20150602
4zaDjg/8uljYOEwxiolfKGhbsJG5EkKjrgLRVwMNM4M=,6,33,female,4,20160714
0e0nBG6YtbnZFm5huOFY/aO/9EdBPiAEdWoDjHo3+/o=,13,0,,9,20161114
SYuAqvE/w8Vb4jPfva44rRnvv+a5ErLfCvwW+JSH9mw=,1,21,female,7,20150430
sFORsYzmoFfmdiq9fiVEkr0izVhn2U6xELLViDvxTFc=,1,0,,7,20150818
WPsfjvUk1Mhq1oAjdsAFvQ6ZUr0sBrOBMgi/EoBFHTI=,22,37,male,3,20150821
+BujKWh56TqLSAVt2TfpILo99+1fOD0S3DayYJHNKtM=,1,0,,4,20151011
buM2RbNXp4iGd1mgYEMRGIGNxn3sdFihZVD5GgMSeHA=,1,0,,9,20161029
ECSSlkOMT+iIUV2yTiu98AcJv5ItG7F91GJOpX55JtI=,9,18,female,9,20161212
uoVAPHEBZPmqMN9bGrGaw+AYeKZavsro8QwFwZWoiZk=,1,0,,7,20150815
LgPpDuT7S1esnOQ1pcG0r1B2kkWScWF7FuyVs0IW/Ao=,1,47,male,4,20170116
+uacjwXvsdIU8LGzJlOKBxXcny1czvUqLWw1vRu2Trg=,1,0,,7,20161127
kSKgIGmFO/cJjC7O3An3/QyfSIaxuH6nDPLZUiCGdj0=,1,0,,7,20160620
VEWCBg+FaNQlGCVPsRCXKHATsj2+zQowBjOXs2ht6Tc=,1,0,,7,20160813
K7iivonFhhiCHF/oD3g3y2bVCysdTKz4JlLJawxiMV0=,6,27,male,7,20160509
OtI2/OZ89PWGVKujPfqhGSQgMDgczkAk0pAzr+NctMI=,1,0,,7,20151213
2XtE0puRHHRRzx0Gt0NLw1rvfE8tuHqKWHr8/LEM0i8=,1,0,,4,20160108
gNIeOYyoYNifhBZUtGquaGpxhrnob2/wSEo4JogYkEM=,1,0,,4,20160212
3+Mrx4RVRww7Nd5VFLuIRwgQJUIHiiVx6ppq22rl41g=,15,27,male,3,20161103
86bh7UnwZ6+Fsjs9cqqC5DqIn5bDmNIA8E8/SA8rc/4=,1,28,female,3,20150617
gOd23vlBSNf1G+yGUXZlKed4k7f45Y15whJTQ9TP5ao=,1,0,,7,20160814
ZtmUOqLGJz6eUREat4zCDKUC27LAvBpsVgLOrhG5x+4=,4,0,male,9,20150518
VmL2CIO7G8NDDcRbX4jcHNBmDipHjR50oGGmf6BePqk=,5,34,female,4,20160225
TQ4YQmXWIOLlJLndaxXNFKVgN9/qO22fCS4OV2nHwTI=,5,27,male,3,20160307
xubtMImr4OlIDUswDmkEpfb1V+j1vbes2PuNIcdFk90=,9,20,male,9,20160312
1Ktb8sKEryPRnChATcUfg6oR19awzL/vBwuDdQS1dEY=,1,0,,4,20160916
616BegiDHjsGZbm98e5JTBdf0Pb2ph42fm1H9tlDXm0=,13,37,female,9,20150921
rOToup8Og7fVmlUqaSoSPY2S3RDUgBHP3rJEkgkilAY=,1,0,,9,20150209
yMIMEgToI34CfZkZynMJ0UKliTAAwor84J8waOmOWag=,22,23,female,9,20150311
FQuYyNy7uXbP1nW7uzGdaURRxOCIV/vFjLckeuzYEhg=,1,0,,4,20160926
uHf/vACbwBzJHBoRIIuE/AhTImCxrUnEGtnY+JXBLq8=,15,25,female,9,20160120
T3yTwAlWYDZa3GfIYFvKBNQK1+c/LukDJZsxe8E4AWg=,5,29,female,3,20160501
W5io/gXYLRo/EquUjMDB3qTL9UJuczHXkR/VH0nyoAU=,1,0,,7,20161104
1E1Bh5Cid9zKt3ezGDRQxM63J245gnIAG0bJNbDSPL4=,13,33,female,9,20150114
U91ckgsD87tBCKcMSjkcQZTldwNIvJjrTt+oVzYDC7s=,1,0,,9,20150218
KeZclgA0fkYjDuCfBtx2fXoKDHJ2kLXfbXAjBbO9hY4=,1,0,,7,20160716
f73Olrww+pw0WYB2iGmQSF8jNQqxq8QaSAwLbsm7D3Y=,5,24,male,9,20160803
/wCNepVg8oThMXA2cG5EqsPE2jLF0+2zwJco4EQKIa8=,15,0,,9,20150102
acrL0wSNrbShTdihkgOdUrMmwhHoFLL5yFEkoA+DZHw=,5,30,female,3,20150828
xTEhpqfaDnZsG2nXWrh8KnTdlYLIKh7Sk1SIZ7BAxUk=,1,0,,9,20160301
3IX9ah5j3MJstFgnVcibzwrB8dnyqYrBdhMCFOzlyfE=,1,0,,9,20150628
nebFz5LJGQoqeb6Wzi+ZLjGAz4qihuLI5ulVYFS5yZY=,1,0,,13,20170220
Uhq+yCuPcULJcUVxRduEBGTuzUn6Rx1d0zmBX1oxQlQ=,1,0,,4,20160213
WpDY4AYUH6GDOJVn6hekppjQVOHtgspHclV60Htx6cQ=,1,0,,4,20160212
JdDcxcG7/F65he3v+SjMJQksfw7eCFi/6BvtuTXHZtY=,1,0,,4,20160123
sOeQg4cLudUVh3RfrgBIQzMjogLfZaHd8rleAjLaJAg=,1,0,,7,20160126
cHkcPbMjcQS/MczNRwUBPtNo3tcR0Dhp91Z7un2LnvA=,15,24,male,4,20151123
F7uy/9lJTISkCeYsgbH8TUjc6GvurN2sIA2dNSW5st0=,4,17,female,3,20150824
25WGqODhykpk5JyAql4Kh3IYPtpYL8TLIkx5wRV+vMQ=,1,0,,9,20150613
qcP5RU2vVWKNGD+giGkeuwN3sr+ofWv3CbOoCH+iQMQ=,13,27,male,9,20150205
muLowkbDdABu83o5g8SmAK8tJeEjgr1kkVfqPfNR1zc=,1,0,,7,20150706
ZIt3704lR+z4f3PxJiId+yWJZ+PNrsklcQDFSU72WfM=,1,0,,9,20150802
5NzqVCqIR/CzKf+bgVaQo7WAiTp5qEyxSwTJhT6L320=,1,0,,4,20151230
ARccxrrKBmuQjKU7eV4IKwLALEmyGtXcEsmrqqslzxE=,13,21,male,3,20160103
O1gQgi0eHT1M0D0SMmC61ls9yvYbgQli7Mu8/tU66ns=,1,0,,9,20150813
/GTy6b3IHXsEiL/Py0GvrjXeaSGPPKN9dS2XExinvsU=,21,25,female,3,20150511
kCbwqoy4tUT/1/DN4b6urIyOr2pzLVBv1AyZLh0o1pg=,5,71,male,9,20150518
z65VfWUc3Lj63sJx+Hrn93CLFpf92fkLxQzwq/j1TGs=,4,33,male,9,20151031
ndIL55i9XdCowReZDCSw7exQxYkXJvVwaLs2WBFhxbo=,5,9,,9,20150711
d3YUaMnw9CkllkYt1Rf7o9DengTznOxYaqX6FXOAolg=,10,21,male,4,20160123
1BgjAmAQN5lPQQZTYyILS+a+6j2akDNUReIg93FwUwY=,1,0,,9,20150929
2HCO0hbDBwP5/cc3i96RtDHE8sP3LczHVWnUlsyNuX8=,1,0,,4,20160514
enmNMa7D793QBM0GM8H2JkhMBSJO6vf8bx5budAYcz4=,1,0,,4,20160529
W3PFedA9OSGOQqzHGEMeRWSbfgCX/JSQAgdxFXdSCHw=,1,0,female,3,20150226
t369tGSeE/ivuBCJleoEn0wEvFKmj2pd/ffaR/7Ogp0=,1,0,,4,20160218
Kk6RFfSLRUvANvfYxFQCilZxs3UX0WDMjvdqAjzAfTI=,5,47,female,3,20160720
HF8TICLeeGu/1KZLkwvTTfZFxFiIA/xKDBvR52EWR90=,1,0,,7,20160208
rQN9qzeLy2HvC9wWYF9tHi+/H4/nDIPCpY5oyPQe+S4=,1,0,,4,20160307
3U1d/qJhC16pe11hcPzW9hmPiyqWIF62bKN2DK15Lm4=,1,0,,7,20151016
eggOIvQBX8QMKsIPbQTkMb6mSwfVR/1RgzELDMZHAj0=,1,0,,7,20151018
TeWaTpTgUR4gx8vDiIdXVphg1zKBjAiNJVDMM9061zM=,1,0,,7,20151020
2lYVTDypKplzNspz655AoC18+0C83gu617zT09hUrmM=,5,27,female,9,20160428
pvVVkrXzJbyTlqHXeUuSF8JtowxfOhCtdYax5Wi5Eq4=,5,41,male,3,20150523
wt3tdPu61b6Yf86v0RGl2kpJd3kmZfMAOs5z+qsJEyU=,1,0,,7,20151229
ayc8Wiuej+ge/n+YOBwE9db3yk3RYL8na8Uw7OY4wWo=,1,0,,4,20160916
dZ5f8E4SNxtgor69SZ+/oRpjcLcjB10Xlxx61KcLwPg=,1,0,,7,20160311
MRJeD40D53MivHUlsSWbKFPwV7UlhqT+paJZ+bPVLNo=,1,0,,7,20160811
WtrQLcj/SObM9r0pNBM3kOg7y1qzJf5I9b+o5qCqvG8=,4,25,female,3,20150320
FPeJOBtP/2NUsdPgnPpn6Vi8ZjrEurvctMMmR/k8SUo=,5,27,female,7,20160312
hw8J5PhMEOL2ooa4HY+7uyfbw4ZcLmaBsjn/qhfv2ck=,4,24,female,7,20151006
1GxjYHRt00XpeDi7O4i81Cpv5/H0U+pmVpUMF5y+d3k=,1,0,,7,20160802
rKYYH4IKlZh7ogaJjV78dQs0Jlv/Ot+rwr9DE3+plUU=,1,0,,7,20160912
mh0MSQiaVW1vM1wJdQOzGqbbbRFq2hnGKHhxlJujns8=,1,0,,4,20151230
aoah3VhdI0h1E4oWTmh/FvdIVK5ecQYLhHVd3sUBDaw=,14,31,female,3,20150824
15OgZdVKIxI+IAG3U7ZBxLiCw4Y7wvNsVGQHVt9+MLc=,1,0,,7,20150415
YP4ITJNvk6j9WdIz+3IXVZjKUR3r0/g0onfWo1fLl5Y=,22,0,,9,20150703
xqx9rTyxboW/WePO4+s0KvfdI4WIUDpXe86/hAK+hkM=,1,0,,7,20150710
keh1jkDSkBYVwlvpi3JfdT8UqFFanlOaRGu60EtBQPk=,4,43,female,4,20151019
VBtRfmy6sN02fitBog4kaTUhkJEiyrDjETffUaWFOCE=,1,0,male,4,20151228
55Kg8NQGUDZlxe2jzEgB858L4bUMmTW9dVoYxssIWEY=,1,0,,4,20160312
4CRKEHlZiPNfx2CKKtqWssaXdCg3IGohMI5+PQYTfQY=,1,0,,7,20150821
sAEbOU6mZ/mjETTiAAq3zgL6sMHJQ6wp7/cZg2Hvwko=,1,0,,7,20150223
9dIskLizodJ7h+O1S/Hjn0HgD3UOu2AoNhfwO9CNatY=,1,0,,4,20160918
OWUlYOmXafjjOFvllVh0YmYhiv+ig5HWmSKH7w0tIMA=,1,0,,4,20160318
1xPoYx2VCX4+mXQQWMkqUDJFbo6FLqm+r9zeow6N3Uc=,22,16,male,3,20160723
M1KivjQkvTOzmkJzedLoX/dsIeiEiTGwZWmmO0waQ7Y=,1,0,,9,20150728
r2LjLsFTlTv0qwoBjSq7u0pl+bS2XGax6OmYbP3t8io=,1,0,,7,20160119
XkFrSn2PjTobxXKyuJeGhso+dNq+YfPecjJSPT6MHoQ=,4,21,female,4,20151125
0kJCpp0xAFvcwtSZiQmecDOJSYoD9Ugd0KXVnMq4UnQ=,15,26,male,7,20151015
SmMU22JWIVtJZJutU8IMPBRO4Gfh+QZUHhzqwcsCYHw=,1,0,,7,20151008
TrhnQmBcixl+JBlInHawCOaOrvNjGps5U2ALNMD6X08=,1,0,,9,20150310
bIvvAEb4VvlctFSLU7c24hAS9175PLb1HR/VplxF36w=,15,30,male,3,20150418
5mjlCCvY7g5i9DO9ydWqFk76iu4oSzng33mNasXYSl8=,1,0,,7,20150211
SkhuRdh/Uh3TJBuE4vjXWtqweRaOp5UN/1pG7+3yHkk=,1,0,,9,20150904
0pTBLr1lLPvLRB1nGFrsPxKDSag3MBrQmy17TEhKEjw=,1,0,,7,20151021
9Gbc1cZxmBoTABwP3zyIuThune/h9uFT8BsOosaro0k=,1,0,,7,20151230
Caw7PDfZXDcSQVkkFTdv93YNHeiGkUjnQ/BqOGJ2rEw=,1,0,,7,20160127
xOMNJG2OXM0MlGq0+SdIKCUG/Fp8lv51tBsGsqHEheQ=,1,0,,9,20150611
Irp3/M58rBMJwzd7jWPOmjXUujDG/KdXP2DHvUDnc0M=,5,35,female,3,20150329
0hjqia52envbSzz4yHA6JUYnV/04egyQUxyNjF+jW3Q=,5,32,male,4,20151223
vYmsbFjxGVqGMWsLNBQmK2Gts979KJsU+tBvAptQ0es=,5,28,male,7,20160226
e8EHWt8qmjK8RPx1SUA/z95GsY7sI6Puti8YLPfuQjY=,1,0,,7,20170214
aMFX2260/aVp0r4HZA+PaEsw0MFz11r3c5U5qlvNmRc=,1,0,,7,20150916
Mu4ADaAnbHiFqPOfTUC/RKKPzr+Pcn7w9GQL3NxLWTk=,1,0,,7,20160718
ae630d5+EoGz398vQuRKO/nGOF3o4Beeks/7K3SUL+k=,1,0,,7,20150811
xIN80cbiwiW2Ck5dRZhtcwDL0dNIi54DEY2vocpYoy0=,1,0,,4,20160908
y4PSHK2sauEsgRsxUmQareLcrHc1g70yF7f6xpqT9kQ=,18,25,male,7,20150617
oQbaoHkn3GmnSaiKe3v9D3G67gg+092r6fa7KOhcufE=,1,20,female,3,20160722
G/snssBB8RA1qW3tU/6yjq/xDgwkWQdYBGzhU6lr0fw=,13,0,female,9,20170212
RaYL5AA0YWhoe2jIcHcO/Qu6IJ3/abGPMDHafhq+6AQ=,1,0,,7,20170224
kzgydFsPoxWr7lM9gjLJo8RfizMLVMvKgPmO7GVUHnU=,1,0,,4,20160317
taYFEAYABLGZlpP9ZZJ74Ik8/Jzhhp+t5XfYb4XHO4w=,1,0,,4,20160825
fDcpyhQFo/oyDAoBdPImzzkt57zsYH9i+h8YKnox3Kw=,5,46,male,7,20160128
HEwu3mCia0gQtQCwvUBpzF4JEAPEL/Ted7y3mAge6FM=,1,19,male,3,20150418
1Ysy3VEDOppoGClXZ20X6SSwMEnEwP1oGgmXQDF4Mgk=,18,19,male,3,20150422
KdKD5XefgijQX8tscyxUnJYBTZs2FhchhdofmYc2shY=,1,0,,4,20160228
/Se54kq6e6PVYQHjnl5PcRGJHkpqW2oUW8wwoUwvyJQ=,1,15,female,4,20160607
++s7jWRVn1x0cJXvWHeuZ9fscw4dOTGtSLJ1rptkTys=,1,0,,4,20170103
y8CBxjEN3VAXhUPpaXf74UwkA+Co5szRX8h3Jh9rtOk=,6,22,male,9,20161023
5JwX73/fX1A1Vve8bFkKrz2u2MK+ozILtVfJVhVxUnk=,1,0,female,3,20150128
YGIl0P7JeDas9TpH35qTgRQOn1/ZvYqS2vUNFYP1I1Q=,1,0,,4,20160207
Uio96TP4B71r+FT0s5RZfPlUPlwpZexGZ9mOIGClGxs=,13,25,male,3,20150115
OJY616HZ30BBLsHpSDx2BaVcjm9TP46qgzdtgk4+QQ8=,1,0,,7,20160306
DwTV/hRjKKdxSwu4Pc/Lea3EcKdKZ88oSCAyBfgLyLY=,12,40,female,7,20150907
UhvZjccoI+HFIzU/vPm0LMCfUFkNyd/4Q6AQN+BMgsk=,12,18,male,3,20150723
oT7nuna4pkbcL0FNvcv8oWRQHummaZIrBZcgsi8iKzo=,1,0,,7,20151024
sXbRtBgx4IWJoMtyo0Rl6Nd94sULIxPjApt5kn8INsY=,1,0,,7,20150817
kIUykc+lMLJwLmwc7DegLwg5tpBoIui8xfWv51pQDJE=,13,49,,9,20150825
hsgfjAK3VNGqWQZ1EiJZKZKjg01VrgeKFE4KPO99lVY=,1,0,,7,20161210
pxwVIvLigjmiSYmKxCHL1bJ5mn+SmYtrY7cXAuxHv1s=,1,0,,4,20151206
W5C0B9CT8WshHGIxs0H2w0Cze+ir3KKvGlhM6ylH5j8=,22,26,female,7,20150914
yVQq5ylkMZA6ExmGoeNKjrFBOVQKYd43ukOZ+I48fT8=,1,0,,7,20150830
bvxyiWdr0svemG1Ifc7YS97YAWSR+NOVJQWiER5L9LE=,1,0,,7,20151011
UlmJ6L0ePKFEvmx2DRJ2YLfu7ErNFYKWSa1onYm+ZMw=,1,0,,9,20150815
aG2JxsuehbElSsLz/IKM8H1g3b1s3OKSNloJAuqb2lk=,1,0,,7,20150816
2RnVnP+U8v7qY4NRogtAwhwYp9/cwAxJZ0gd2q8DCCs=,5,18,female,9,20150729
kAectyauKWuAmbe7/MDBn6bJnzS8Cq4iYEQtfluC61E=,1,0,,9,20150729
ElfQRo5VPvRk8Sd6EtrjV5fjLbvzWDLEUohr8EVn+dg=,1,0,,4,20160402
vwKC21bQ7CI6dLgTz1Ey1El6hFM3GTCUdY6b/J2MS7k=,1,0,,4,20160924
QH0OvEMlC18FLi8/QoU5EoonHT6gXXzXCW/wTzQKIxA=,5,18,male,4,20161005
mtcjXCDiczO/HZPv5I3unCiDymx9r41yg6DW+Frmp38=,1,0,,7,20161009
9tSSq+PQT8urhgX/FNtojI1B7/9naIwayDSof6+8gFI=,1,0,,7,20150913
PqzWLlpD2YD8vNDtiIx15Zve4e6eJyLjwPE7VLjV/ow=,1,0,,7,20151121
XZ8yV5Xn9WN0PKnS2r/Et8+So424ZhqO6ly9matfbRA=,1,0,,4,20151011
ppyLIIRZbjpFGlEvCMhaQenxWIY6BtLs4kJLUZMFSTo=,1,0,,7,20160814
ElQcoYHKrOnl4XdUoviBRbKmE6tqdfVzu7xU5RR9mhY=,1,0,,4,20160820
c0azj2KjW0JOTNjQrmGt+sScB1ZIHY21XL2LQM9vtbI=,1,0,,4,20160529
wWGW4YOMWwCOks7XZvEX+52ze4SucZEA4y+8fZbD6JU=,1,0,,7,20150911
DVl329z1wRAqSRIMNtpGmCVsch4UWir2RzDDmmJepfE=,1,0,female,7,20150724
ovkf8RhH8oNb/3aBMS+IHD+2rdeEzIT8bxZoUtqjEhs=,1,0,,7,20160726
3CjKJf2RUlsE8ES3LlSXkqocGCIntGaHU9C41a2loCE=,1,30,female,3,20150414
nQpwgIIGLS8T4ocATfOJio6YvNyx1JizltKA+NXJPkU=,1,0,female,4,20160724
Y62Z1o/Liy01GhM4uwXR4CHAnbKlXVHFKnqctIqVA+s=,1,0,,7,20150115
VN4JXpN4tCUsXOE9yqx4nE0swiyE61N9mdfGIHuYh2M=,15,34,male,3,20150806
rEHfUa6zCQyo6NBPKOh/QdSrxDTBTyEEji2reVZbQkM=,1,0,,9,20161031
0Hbdr3Z2cD9hQ6Z4+kmfIlwAww3rflSBX3NjEVMUNo4=,1,0,,7,20150906
xNdXJyyUzlKuq+GCdEass0WclRA4KIK1iKm0ZSA7Smc=,1,0,,4,20160825
AyoWCc3NZ3dB7Ly+/unp/UtAEfqmXDacDqQcslgXXoo=,5,27,male,9,20160223
AFJLjLR7Yz8OhL2bdmTF2/wCaj664tWOp99pGuizKlk=,10,35,male,9,20161122
eK56OGQxzKXbeA/uNwJSegm/mrDrQ6GO2LXRW66kiaA=,4,21,male,9,20160116
rzCdJJ8LP8wEnG1++R84UU2qm8nZ1/UkfZGxgxxTr+c=,1,0,,7,20150823
not63xMOAReD1Y6vhayLKZmbUKScP/qq46CtZc2Wp+I=,5,39,male,4,20160127
buifLW62NLYD4vCRVArw2/BheECDPxCYWdN+vf5q+Jc=,1,0,,4,20160128
SmOncYmvtikqfGqQd2rcXKYMXfeJYGjWeZzOmBiwbTA=,1,0,,7,20150816
mktDjy8MkKCmX2jx7M4Vv/rK1svpMg0XfraiAv+2IE8=,1,0,,7,20160208
Zq5rqzamoqvbqEDhR52J0KX4qR4UY70rEOXs+5nakDE=,1,0,,7,20151102
5nGEVL5yfduRnUgv6yh7ZAvll44Q8kgMyLuI5o3sKBM=,22,37,male,7,20160914
0X/4b+lsZtk+wxSNCRTV3heQTNB94o0cniF5hzS/MDU=,4,42,male,4,20160129
L4tSId2Ai8uc50ItpDHKn7d/vnQZzbsDiZlNKVdH24g=,1,0,,7,20150629
3aX6b15Ef5jEV01ZBQ9MEoPeHpdlICkXPzvlDlE1v5g=,21,21,female,3,20150911
scANIU46IPVpVeh/n6dHoDIk08NwyeRs+ZOSsQAjCjM=,13,22,male,7,20150917
STQQzP9GRcaWEVHUAxN4KiRcURGcjm+LY4cVPLQLbic=,1,0,,7,20160109
dzz//38lLVwc22p1645G/xXEaFue6/RNslvClmZjTyg=,22,27,female,4,20151229
D5gKoenLU2dceA4Wl3PlHaSwrEFboweQXtPgJFpEh2g=,1,0,,7,20160814
LlpVoo8edIAF4CKFPM2GSXkMu5PNBs4Yl6n4ZyNaLWg=,4,25,female,3,20150112
C3QK2I94lZGlRFVlLgc3N21NAlOxxb/0JC33/dc+iJA=,13,47,female,3,20150202
vo52TlSkXRj/8xsQ+/E6AMofke/UszhxDApKBuwXG1c=,1,0,,4,20160830
RW1LbpWstiujleTtDKl/QSO8xNO6Wyqj8dBKcgf5Or4=,1,0,,7,20150713
ul7M2NkSOd0rtze0XfIROwy1Hd8N8khf/0mxTgZHIPo=,22,35,,9,20150210
ian7pA3IcbnCVnVFnUbwgxeC7HtwH0ZCUZ43XAsCKZQ=,1,0,,9,20150613
+SlfOEnkkub/P1/XFSjbiBjHT2CdJwy3B5Am5mZxF+Y=,1,0,,4,20160225
+qqAiJ/NqqKyMKBi2F1zxKkCKT80q7NZRLjD3dClivY=,13,27,female,4,20151009
fyVUIzX4zePc+eeW36Wbzx4za26hj+jcQfRNo78F5No=,1,0,,7,20160731
cMwYBayOHprYD3WJidaBMJma50MC/rDE05KATt9v2ZY=,1,0,,7,20160807
K/fE8yZFuxVPQVJG086B0liw8LyOUWmU1LbC3mFdHho=,1,0,,9,20161209
nHtNUPrifCh0kMqUvBLNlG8ScuLWfF3EzXXnTtYGb8c=,15,0,,9,20150818
GnF4C5J3/D0W9TVc9JuUZd8y4y7qcaiObk+RGXjco3s=,1,0,,7,20160202
nKvE32HSzrAdYBBkPySDHQOGQmxisqeAi1OfdVAl0e8=,13,27,female,9,20160501
molNjLzmoSC5qGUDE1FsjUaTQICONN3zEAOjgRBnZ18=,1,0,,7,20151101
98D1+CmA0hChdAnPUoDgNlPfljN2v2CQoVCrrAFhdSQ=,5,38,female,3,20160126
EQbDZucGrS5XjC6OriIXDyPB8hney2DAwbDVFBsHhDE=,1,0,,9,20150310
u3UgPhtT7dozKQAnl3p1WJRGAAXKn0Yt55j/KbD4Y/o=,1,0,,7,20150910
lTHCJXiqEVtn5osrAWgytED1JlMrwySYCnBcpUOvvME=,22,20,female,3,20160212
4P0QuJ9v6Y8aEsKBW3QMgV/oK4kQJv9GJHK+Qb8geIk=,1,0,,7,20150817
7bcYI+f00xycUlH0l8MffFbTlqxZQBbzcaLV4L+98hI=,1,0,,7,20160325
5rZFlfIp4NInrk+Gs6p7dNOX3w3xQSZqkSS3Tob7eSc=,1,0,,4,20161024
VuN+BNhny4DMW/6AtVsnyCrjWWAIqtQaOpjIHRKTB4w=,18,17,male,9,20150710
DqsqGohtUUNoWfiUWAHqI9uJmTXOJpy/VnElgrg9koQ=,1,0,,7,20151114
rgNe/JBfWRsVjd/To7UKLxNt0M4BAnvYlssxnYEtmlA=,15,17,male,9,20150117
OhrIixQaNZi2pze34jIQ/062/mNLpo2QR4D7MjtsoHI=,1,0,,7,20150223
OIMIm8gy49X2p65T1AfKGJzraWjxvj+azmdt0SgfQnw=,1,0,,4,20160724
64FRs5vgKO5WaFEFHjoM1DsOx+jGNnLsgsd/kSlMrK0=,1,0,,7,20160111
TW+EH+gx5KXv309qNFCxaqpWJYlK4oysTVO9CK+lSnM=,1,0,,7,20150910
FxG8nuVxD9GY9RBtTK3FAbUnHx6c7MT+RlBLHsQ7xIs=,1,0,,7,20160802
NKG7jFNPRxQu3ILRZlIGnTHUX+h+oCm8Cr3WGjEEBjM=,1,0,,7,20160210
hVqdMUpgX2RynxVW8lvP88Xq7a+uPBsppLeszBNbPaY=,1,0,,4,20160122
zkKhcqVMA0KXQZfNXjwLJ2D4MMPf9MKgAFHauwc6mEM=,1,0,,4,20160911
A+uU5hFfTHCEZc3PnGsNoG7qm5FNdSm0bQyJyuVpQSU=,1,16,,9,20150815
WPGbg/mM/9pgrHUWBDTQvKKcH3xiJEmlWkPH3cpUch0=,4,16,male,4,20170211
gkYHfRR7It4sa3Ghb7v1HnpwMjwrnxDr2ghbaoEb4ck=,1,0,,7,20160218
YNWfuFp1wqWTfKdsFA3GanH5eQap918ddbK9iALnxto=,1,0,,4,20160805
W3b/9AG28Yw5018z/S+H8Pi46aUS5oL6U6+Q1L4PDms=,13,42,,9,20160510
nRaTuchNf9eWHpnCHlcjVaHPk1ffvGd3ZYAqRnuVo3w=,1,0,,7,20160220
yyQt0KyqtCcSF7GiexiybsdHZFXqdOB+FUkHuHFz2wA=,1,0,,7,20160228
HG/jlxQFCYSAH7fIZdNOFZtXcRBKl5BiNUPr7m9+Kyo=,1,0,,4,20160323
hd2CO2wo0RlBQlzwso+b+rYx0uItNgODpGDZWbYe8Zc=,22,20,female,9,20170203
VTzVgtHALSfDa37IAzkR420DmSU1cUkuO5iA1EarWF4=,5,33,male,3,20160910
kyWHkzX33BHpreaEi9x1pHF9ey/Ij0jI3eHt/9nJTQo=,1,0,,4,20160101
IhOV1tR+q/s1T0Xfo2tf3/IKtOThlsLHgwhjM2SUrvA=,1,0,,4,20151010
o7b3iGsxgfjOL4eGF/vMyAN4ea9SRvxJ43G1ckfzG5w=,1,0,,7,20160116
9bYRPTXLpg6fIOuM97o9tfa8uqHsK4/xDOOkRexG9Pw=,1,0,,9,20150608
vNLxgHUnkYT8hP6NxEs9aGvzXz6QISgCyuTkrwkXCuA=,1,0,,7,20161011
U78zvmcjjh4PoW+f0Cd0MUnj8rtfoaS9Kw3LxNw4BIE=,1,0,,4,20151019
NFVq4dmqRfFLFvuZR5WYj+lEG/4kcX51CdzNyHWWJ4Y=,1,0,,9,20160809
EVQnNFzaxt3gYEh5M5DBRrn/gpXwp2WoO6q5L7c2VCE=,22,29,male,9,20160909
4xjYd0aaEP8EwbwC6TbPt3gqLMH+cnuPOUB+0gb7k5s=,4,35,female,3,20150519
Us7ZBY/lZ+nyWt9W3hIcwEFDWShfTk7/4up7JYhAins=,1,0,,7,20151026
